fixed acidity,volatile acidity,citric acid,residual sugar,chlorides,free sulfur dioxide,total sulfur dioxide,density,pH,sulphates,alcohol,quality
6.7,0.67,0.02,1.9,0.061,26.0,42.0,0.99489,3.39,0.82,10.9,1
8.8,0.955,0.05,1.8,0.075,5.0,19.0,0.99616,3.3,0.44,9.6,0
7.1,0.68,0.0,2.3,0.087,17.0,26.0,0.99783,3.45,0.53,9.5,0
11.9,0.39,0.69,2.8,0.095,17.0,35.0,0.9994,3.1,0.61,10.8,1
7.1,0.22,0.49,1.8,0.039,8.0,18.0,0.99344,3.39,0.56,12.4,1
10.5,0.39,0.46,2.2,0.075,14.0,27.0,0.99598,3.06,0.84,11.4,1
9.1,0.28,0.48,1.8,0.067,26.0,46.0,0.9967,3.32,0.9955,10.6,1
10.3,0.34,0.52,2.8,0.1225,15.0,75.0,0.9998,3.18,0.64,9.4,0
8.4,0.31,0.29,3.1,0.1225,14.0,26.0,0.99536,3.22,0.78,12.0,1
7.6,0.49,0.26,1.6,0.1225,10.0,88.0,0.9968,3.11,0.8,9.3,0
7.3,0.735,0.0,2.2,0.08,18.0,28.0,0.99765,3.41,0.6,9.4,0
8.2,0.73,0.21,1.7,0.074,5.0,13.0,0.9968,3.2,0.52,9.5,0
6.6,0.725,0.2,3.65,0.073,29.0,79.0,0.9977,3.29,0.54,9.2,0
7.4,0.785,0.19,3.65,0.094,19.0,98.0,0.99713,3.16,0.52,9.6,1
7.7,0.66,0.04,1.6,0.039,4.0,9.0,0.9962,3.4,0.47,9.4,0
8.8,0.27,0.46,2.1,0.095,20.0,29.0,0.99488,3.26,0.56,11.3,1
8.4,0.29,0.4,1.7,0.067,8.0,20.0,0.99603,3.39,0.6,10.5,0
6.5,0.67,0.0,3.65,0.057,11.0,20.0,0.99488,3.45,0.56,11.8,0
8.0,0.25,0.43,1.7,0.067,22.0,50.0,0.9946,3.38,0.6,11.9,1
9.2,0.54,0.31,2.3,0.112,11.0,38.0,0.99699,3.24,0.56,10.9,0
8.1,1.015,0.0,1.8,0.082,3.0,12.0,0.9964,3.54,0.48,10.9,0
5.1,0.51,0.18,2.1,0.042,16.0,101.0,0.9924,3.46,0.87,12.9,1
7.4,0.7,0.0,1.9,0.076,11.0,34.0,0.9978,3.51,0.56,9.4,0
7.5,0.52,0.42,2.3,0.087,8.0,38.0,0.9972,3.58,0.61,10.5,1
9.1,0.22,0.24,2.1,0.078,1.0,28.0,0.999,3.41,0.87,10.3,1
5.2,0.49,0.26,2.3,0.09,23.0,74.0,0.9953,3.685,0.62,12.2,1
10.2,0.29,0.49,2.6,0.059,5.0,13.0,0.9976,3.05,0.74,10.5,1
8.7,0.54,0.26,2.5,0.097,7.0,31.0,0.9976,3.27,0.6,9.3,1
8.8,0.24,0.35,1.7,0.055,13.0,27.0,0.99394,3.14,0.59,11.3,1
9.1,0.47,0.49,2.6,0.094,38.0,106.0,0.9982,3.08,0.59,9.1,0
7.5,0.71,0.0,1.6,0.092,22.0,31.0,0.99635,3.38,0.58,10.0,1
7.7,0.715,0.01,2.1,0.064,31.0,43.0,0.99371,3.41,0.57,11.8,1
7.6,0.36,0.31,1.7,0.079,26.0,65.0,0.99716,3.46,0.62,9.5,1
8.2,0.39,0.38,1.5,0.058,10.0,29.0,0.9962,3.26,0.74,9.8,0
8.0,0.57,0.23,3.2,0.073,17.0,119.0,0.99675,3.26,0.57,9.3,0
8.1,0.87,0.0,3.3,0.096,26.0,61.0,1.00025,3.6,0.72,9.8,0
7.4,0.41,0.24,1.8,0.066,18.0,47.0,0.9956,3.37,0.62,10.4,0
9.4,0.24,0.33,2.3,0.061,42.0,73.0,0.99786,3.47,0.9,10.2,1
10.8,0.32,0.44,1.6,0.063,16.0,37.0,0.9985,3.22,0.78,10.0,1
9.6,0.5,0.36,2.8,0.116,26.0,55.0,0.99722,3.18,0.68,10.9,0
5.9,0.29,0.25,3.65,0.067,42.0,124.5,0.99721,3.33,0.54,10.3,1
7.8,0.57,0.31,1.8,0.069,26.0,120.0,0.99625,3.29,0.53,9.3,0
10.6,1.015,0.43,2.8,0.08,21.0,84.0,0.9985,3.06,0.57,10.1,0
8.3,0.715,0.15,1.8,0.089,10.0,52.0,0.9968,3.23,0.77,9.5,0
10.1,0.31,0.35,1.6,0.075,9.0,28.0,0.99672,3.24,0.83,11.2,1
8.9,0.43,0.45,1.9,0.052,6.0,16.0,0.9948,3.35,0.7,12.5,1
9.3,0.37,0.44,1.6,0.0385,21.0,42.0,0.99526,3.24,0.81,10.8,1
8.4,0.65,0.6,2.1,0.112,12.0,90.0,0.9973,3.2,0.52,9.2,0
7.8,0.55,0.0,1.7,0.07,7.0,17.0,0.99659,3.26,0.64,9.4,1
11.1,0.45,0.73,3.2,0.066,6.0,22.0,0.9986,3.17,0.66,11.2,1
6.0,0.5,0.0,1.4,0.057,15.0,26.0,0.99448,3.36,0.45,9.5,0
8.2,0.635,0.1,2.1,0.073,25.0,60.0,0.99638,3.29,0.75,10.9,1
7.4,0.66,0.0,1.8,0.075,13.0,40.0,0.9978,3.51,0.56,9.4,0
6.4,0.63,0.21,1.6,0.08,12.0,32.0,0.99689,3.58,0.66,9.8,0
8.3,0.65,0.1,2.9,0.089,17.0,40.0,0.99803,3.29,0.55,9.5,0
7.5,0.49,0.19,1.9,0.076,10.0,44.0,0.9957,3.39,0.54,9.7,0
9.0,0.8,0.12,2.4,0.083,8.0,28.0,0.99836,3.33,0.65,10.4,1
6.2,0.64,0.09,2.5,0.081,15.0,26.0,0.99538,3.57,0.63,12.0,0
6.8,0.77,0.0,1.8,0.066,34.0,52.0,0.9976,3.62,0.68,9.9,0
9.7,0.31,0.47,1.6,0.062,13.0,33.0,0.9983,3.27,0.66,10.0,1
9.1,0.34,0.42,1.8,0.058,9.0,18.0,0.99392,3.18,0.55,11.4,0
8.9,0.12,0.45,1.8,0.075,10.0,21.0,0.99552,3.41,0.76,11.9,1
5.8,0.61,0.11,1.8,0.066,18.0,28.0,0.99483,3.55,0.66,10.9,1
6.7,0.48,0.08,2.1,0.064,18.0,34.0,0.99552,3.33,0.64,9.7,0
8.2,0.2,0.43,2.5,0.076,31.0,51.0,0.99672,3.53,0.81,10.4,1
9.2,0.36,0.34,1.6,0.062,5.0,12.0,0.99667,3.2,0.67,10.5,1
10.6,1.015,0.43,2.9,0.076,26.0,88.0,0.9984,3.08,0.57,10.1,1
7.3,0.45,0.36,3.65,0.074,12.0,87.0,0.9978,3.33,0.83,10.5,0
6.8,0.48,0.25,2.0,0.076,29.0,61.0,0.9953,3.34,0.6,10.4,0
6.6,0.88,0.04,2.2,0.066,12.0,20.0,0.99636,3.53,0.56,9.9,0
10.4,0.44,0.73,3.65,0.074,38.0,76.0,0.999,3.17,0.85,12.0,1
9.2,0.755,0.18,2.2,0.1225,10.0,103.0,0.9969,2.925,0.9955,10.2,1
11.3,0.37,0.5,1.8,0.09,20.0,47.0,0.99734,3.15,0.57,10.5,0
8.8,0.27,0.39,2.0,0.1,20.0,27.0,0.99546,3.15,0.69,11.2,1
7.3,0.305,0.39,1.2,0.059,7.0,11.0,0.99331,3.29,0.52,11.5,1
9.0,0.6,0.29,2.0,0.069,32.0,73.0,0.99654,3.34,0.57,10.0,0
8.2,0.43,0.29,1.6,0.081,27.0,45.0,0.99603,3.25,0.54,10.3,0
6.2,0.785,0.0,2.1,0.06,6.0,13.0,0.99664,3.59,0.61,10.0,0
6.2,0.46,0.17,1.6,0.073,7.0,11.0,0.99425,3.61,0.54,11.4,0
8.5,0.66,0.2,2.1,0.097,23.0,113.0,0.99733,3.13,0.48,9.2,0
9.1,0.21,0.37,1.6,0.067,6.0,10.0,0.99552,3.23,0.58,11.1,1
7.8,0.56,0.19,2.1,0.081,15.0,105.0,0.9962,3.33,0.54,9.5,0
8.0,0.62,0.35,2.8,0.086,28.0,52.0,0.997,3.31,0.62,10.8,0
7.1,0.61,0.02,2.5,0.081,17.0,87.0,0.99745,3.48,0.6,9.7,1
8.5,0.18,0.51,1.75,0.071,42.0,88.0,0.99524,3.33,0.76,11.8,1
7.4,0.36,0.34,1.8,0.075,18.0,38.0,0.9933,3.38,0.88,13.4792,1
7.2,0.34,0.24,2.0,0.071,30.0,52.0,0.99576,3.44,0.58,10.1,0
9.8,0.66,0.39,3.2,0.083,21.0,59.0,0.9989,3.37,0.71,11.5,1
7.2,0.49,0.24,2.2,0.07,5.0,36.0,0.996,3.33,0.48,9.4,0
9.1,0.3,0.41,2.0,0.068,10.0,24.0,0.99523,3.27,0.85,11.7,1
9.8,0.25,0.49,2.7,0.088,15.0,33.0,0.9982,3.42,0.9,10.0,1
9.1,0.3,0.34,2.0,0.064,12.0,25.0,0.99516,3.26,0.84,11.7,1
6.6,0.815,0.02,2.7,0.072,17.0,34.0,0.9955,3.58,0.89,12.3,1
7.6,0.48,0.31,2.8,0.07,4.0,15.0,0.99693,3.22,0.55,10.3,1
7.9,0.57,0.31,2.0,0.079,10.0,79.0,0.99677,3.29,0.69,9.5,1
7.0,0.43,0.36,1.6,0.089,14.0,37.0,0.99615,3.34,0.56,9.2,1
12.1,0.6,0.49,2.8,0.075,5.0,19.0,0.9994,3.14,0.57,11.4,0
9.8,0.3,0.39,1.7,0.062,3.0,9.0,0.9948,3.14,0.57,11.5,1
7.9,0.33,0.41,1.5,0.056,6.0,35.0,0.99396,3.29,0.71,11.0,1
9.6,0.42,0.35,2.1,0.083,17.0,38.0,0.99622,3.23,0.66,11.1,1
7.6,0.42,0.25,3.65,0.104,28.0,90.0,0.99784,3.15,0.57,9.1,0
11.7,0.45,0.63,2.2,0.073,7.0,23.0,0.99974,3.21,0.69,10.9,1
8.6,0.45,0.31,2.6,0.086,21.0,50.0,0.9982,3.37,0.91,9.9,1
9.3,0.715,0.24,2.1,0.07,5.0,20.0,0.9966,3.12,0.59,9.9,0
11.5,0.31,0.51,2.2,0.079,14.0,28.0,0.9982,3.03,0.93,9.8,1
6.6,0.57,0.02,2.1,0.115,6.0,16.0,0.99654,3.38,0.69,9.5,0
9.2,0.46,0.23,2.6,0.091,18.0,77.0,0.99922,3.15,0.51,9.4,0
9.4,0.3,0.56,2.8,0.08,6.0,17.0,0.9964,3.15,0.92,11.7,1
7.0,0.69,0.08,1.8,0.097,22.0,89.0,0.9959,3.34,0.54,9.2,1
10.7,0.4,0.48,2.1,0.1225,15.0,49.0,0.998,3.03,0.81,9.7,1
7.5,0.49,0.2,2.6,0.1225,8.0,14.0,0.9968,3.21,0.9,10.5,1
10.1,0.935,0.22,3.4,0.105,11.0,86.0,1.001,3.43,0.64,11.3,0
9.8,1.015,0.34,2.0,0.079,32.0,124.5,0.998,3.15,0.53,9.5,0
7.9,0.3,0.68,3.65,0.05,37.5,124.5,0.99316,3.01,0.51,12.3,1
7.1,0.65,0.18,1.8,0.07,13.0,40.0,0.997,3.44,0.6,9.1,0
10.0,0.59,0.31,2.2,0.09,26.0,62.0,0.9994,3.18,0.63,10.2,1
8.3,0.54,0.24,3.4,0.076,16.0,112.0,0.9976,3.27,0.61,9.4,0
8.1,0.56,0.28,1.7,0.1225,16.0,56.0,0.9968,3.11,0.9955,9.3,0
7.4,0.67,0.12,1.6,0.1225,5.0,21.0,0.996,3.39,0.54,9.5,0
7.0,0.57,0.0,2.0,0.1225,12.0,45.0,0.99676,3.31,0.6,9.4,1
9.1,0.66,0.15,3.2,0.097,9.0,59.0,0.99976,3.28,0.54,9.6,0
9.0,0.36,0.52,2.1,0.111,5.0,10.0,0.99568,3.31,0.62,11.3,1
7.7,0.53,0.06,1.7,0.074,9.0,39.0,0.99615,3.35,0.48,9.8,1
8.9,0.745,0.18,2.5,0.077,15.0,48.0,0.99739,3.2,0.47,9.7,1
7.5,1.015,0.1,3.1,0.086,5.0,12.0,0.9958,3.54,0.6,11.2,0
12.1,0.27,0.62,2.6,0.082,6.0,21.0,1.0002,3.16,0.67,9.7,1
12.1,0.6,0.65,2.3,0.063,6.0,25.0,0.9997,3.03,0.57,9.9,0
10.2,0.49,0.63,2.9,0.072,10.0,26.0,0.9968,3.16,0.78,12.5,1
8.7,0.41,0.41,3.65,0.078,25.0,42.0,0.9953,3.24,0.77,12.6,1
10.1,0.28,0.46,1.8,0.05,5.0,13.0,0.9974,3.04,0.79,10.2,1
10.7,0.67,0.22,2.7,0.107,17.0,34.0,1.0004,3.28,0.98,9.9,1
7.7,0.775,0.42,1.9,0.092,8.0,86.0,0.9959,3.23,0.59,9.5,0
8.6,0.47,0.27,2.3,0.055,14.0,28.0,0.99516,3.18,0.8,11.2,0
8.8,0.44,0.49,2.8,0.083,18.0,111.0,0.9982,3.3,0.6,9.5,0
7.9,0.5,0.33,2.0,0.084,15.0,124.5,0.9968,3.2,0.55,9.5,0
6.8,0.41,0.31,3.65,0.084,26.0,45.0,0.99824,3.38,0.64,10.1,1
8.3,0.26,0.37,1.4,0.076,8.0,23.0,0.9974,3.26,0.7,9.6,1
9.9,0.27,0.49,3.65,0.082,9.0,17.0,0.99484,3.19,0.52,12.5,1
8.8,0.685,0.26,1.6,0.088,16.0,23.0,0.99694,3.32,0.47,9.4,0
6.8,0.63,0.12,3.65,0.099,16.0,124.5,0.9969,3.28,0.61,9.5,0
7.1,0.755,0.15,1.8,0.107,20.0,84.0,0.99593,3.19,0.5,9.5,0
9.3,0.27,0.41,2.0,0.091,6.0,16.0,0.998,3.28,0.7,9.7,0
8.3,1.015,0.02,3.4,0.084,6.0,11.0,0.99892,3.48,0.49,11.0,0
9.3,0.43,0.44,1.9,0.085,9.0,22.0,0.99708,3.28,0.55,9.5,0
8.0,0.18,0.37,0.9,0.049,36.0,109.0,0.9924,2.925,0.44,12.7,1
6.1,0.4,0.16,1.8,0.069,11.0,25.0,0.9955,3.42,0.74,10.1,1
8.3,0.26,0.42,2.0,0.08,11.0,27.0,0.9974,3.21,0.8,9.4,1
7.4,0.64,0.17,3.65,0.1225,42.0,98.0,0.99736,3.28,0.5,9.5,0
9.9,0.32,0.56,2.0,0.073,3.0,8.0,0.99534,3.15,0.73,11.4,1
7.9,0.885,0.03,1.8,0.058,4.0,8.0,0.9972,3.36,0.33,9.1,0
11.3,0.34,0.45,2.0,0.082,6.0,15.0,0.9988,2.94,0.66,9.2,1
7.6,0.715,0.0,2.1,0.068,30.0,35.0,0.99533,3.48,0.65,11.4,1
6.9,0.39,0.24,2.1,0.102,4.0,7.0,0.99462,3.44,0.58,11.4,0
9.0,0.39,0.4,1.3,0.044,25.0,50.0,0.99478,3.2,0.83,10.9,1
8.5,0.44,0.5,1.9,0.1225,15.0,38.0,0.99634,3.01,0.9955,9.4,0
7.9,0.4,0.3,1.8,0.1225,2.0,45.0,0.99727,3.31,0.91,9.5,1
7.3,0.585,0.18,2.4,0.078,15.0,60.0,0.99638,3.31,0.54,9.8,0
9.9,0.49,0.58,3.5,0.094,9.0,43.0,1.0004,3.29,0.58,9.0,0
10.5,0.24,0.42,1.8,0.077,6.0,22.0,0.9976,3.21,0.9955,10.8,1
8.4,0.56,0.04,2.0,0.082,10.0,22.0,0.9976,3.22,0.44,9.6,0
7.8,0.62,0.05,2.3,0.079,6.0,18.0,0.99735,3.29,0.63,9.3,0
6.2,0.63,0.31,1.7,0.088,15.0,64.0,0.9969,3.46,0.79,9.3,0
9.0,0.58,0.25,2.8,0.075,9.0,104.0,0.99779,3.23,0.57,9.7,0
9.7,0.69,0.32,2.5,0.088,22.0,91.0,0.9979,3.29,0.62,10.1,0
6.3,0.39,0.16,1.4,0.08,11.0,23.0,0.9955,3.34,0.56,9.3,0
9.5,0.55,0.66,2.3,0.1225,12.0,37.0,0.9982,3.17,0.67,9.6,0
8.9,0.48,0.24,2.85,0.094,35.0,106.0,0.9982,3.1,0.53,9.2,0
8.2,0.33,0.32,2.8,0.067,4.0,12.0,0.99473,3.3,0.76,12.8,1
8.6,0.37,0.65,3.65,0.08,3.0,8.0,0.99817,3.27,0.58,11.0,0
7.8,0.32,0.44,2.7,0.104,8.0,17.0,0.99732,3.33,0.78,11.0,1
7.4,0.68,0.16,1.8,0.078,12.0,39.0,0.9977,3.5,0.7,9.9,1
6.7,0.32,0.44,2.4,0.061,24.0,34.0,0.99484,3.29,0.8,11.6,1
9.4,0.4,0.31,2.2,0.09,13.0,62.0,0.9966,3.07,0.63,10.5,1
7.2,0.635,0.07,2.6,0.077,16.0,86.0,0.99748,3.51,0.54,9.7,0
7.1,0.66,0.0,2.4,0.052,6.0,11.0,0.99318,3.35,0.66,12.7,1
10.7,0.46,0.39,2.0,0.061,7.0,15.0,0.9981,3.18,0.62,9.5,0
9.7,0.42,0.46,2.1,0.074,5.0,16.0,0.99649,3.27,0.74,12.3,1
9.0,0.82,0.14,2.6,0.089,9.0,23.0,0.9984,3.39,0.63,9.8,0
9.2,0.52,0.9,3.4,0.1225,32.0,69.0,0.9996,2.925,0.9955,9.4,0
8.7,0.52,0.09,2.5,0.091,20.0,49.0,0.9976,3.34,0.86,10.6,1
7.0,0.78,0.08,2.0,0.093,10.0,19.0,0.9956,3.4,0.47,10.0,0
10.4,0.64,0.24,2.8,0.105,29.0,53.0,0.9998,3.24,0.67,9.9,0
7.0,0.38,0.49,2.5,0.097,33.0,85.0,0.9962,3.39,0.77,11.4,1
8.6,0.63,0.17,2.9,0.099,21.0,119.0,0.998,3.09,0.52,9.3,0
6.9,0.48,0.2,1.9,0.082,9.0,23.0,0.99585,3.39,0.43,9.05,0
8.4,0.59,0.29,2.6,0.109,31.0,119.0,0.99801,3.15,0.5,9.1,0
9.6,0.77,0.12,2.9,0.082,30.0,74.0,0.99865,3.3,0.64,10.4,1
10.5,0.26,0.47,1.9,0.078,6.0,24.0,0.9976,3.18,0.9955,10.9,1
7.3,0.35,0.24,2.0,0.067,28.0,48.0,0.99576,3.43,0.54,10.0,0
7.2,0.63,0.03,2.2,0.08,17.0,88.0,0.99745,3.53,0.58,9.8,1
6.3,0.36,0.19,3.2,0.075,15.0,39.0,0.9956,3.56,0.52,12.7,1
9.3,0.4,0.49,2.5,0.085,38.0,124.5,0.9978,3.22,0.55,9.4,0
8.8,0.31,0.4,2.8,0.109,7.0,16.0,0.99614,3.31,0.79,11.8,1
7.8,0.58,0.13,2.1,0.102,17.0,36.0,0.9944,3.24,0.53,11.2,1
12.1,0.415,0.68,2.9,0.085,17.0,43.0,1.0011,3.06,0.8,10.0,1
10.5,0.28,0.51,1.7,0.08,10.0,24.0,0.9982,3.2,0.89,9.4,1
11.6,0.23,0.57,1.8,0.074,3.0,8.0,0.9981,3.14,0.7,9.9,1
8.2,0.26,0.34,2.5,0.073,16.0,47.0,0.99594,3.4,0.78,11.3,1
7.7,0.51,0.28,2.1,0.087,23.0,54.0,0.998,3.42,0.74,9.2,0
8.2,0.42,0.49,2.6,0.084,32.0,55.0,0.9988,3.34,0.75,8.7,1
7.2,0.5,0.18,2.1,0.071,12.0,31.0,0.99761,3.52,0.72,9.6,1
6.8,0.64,0.1,2.1,0.085,18.0,101.0,0.9956,3.34,0.52,10.2,0
8.4,0.37,0.43,2.3,0.063,12.0,19.0,0.9955,3.17,0.81,11.2,1
10.6,0.5,0.45,2.6,0.119,34.0,68.0,0.99708,3.23,0.72,10.9,1
6.9,0.54,0.04,3.0,0.077,7.0,27.0,0.9987,3.685,0.91,9.4,1
8.5,0.47,0.27,1.9,0.058,18.0,38.0,0.99518,3.16,0.85,11.1,1
8.3,0.6,0.25,2.2,0.118,9.0,38.0,0.99616,3.15,0.53,9.8,0
6.6,0.725,0.09,3.65,0.117,9.0,17.0,0.99655,3.35,0.49,10.8,1
7.0,0.685,0.0,1.9,0.067,40.0,63.0,0.9979,3.6,0.81,9.9,0
6.9,0.5,0.04,1.5,0.085,19.0,49.0,0.9958,3.35,0.78,9.5,0
7.2,0.57,0.05,2.3,0.081,16.0,36.0,0.99564,3.38,0.6,10.3,1
7.8,0.39,0.42,2.0,0.086,9.0,21.0,0.99526,3.39,0.66,11.6,1
7.6,0.41,0.33,2.5,0.078,6.0,23.0,0.9957,3.3,0.58,11.2,0
7.3,0.365,0.49,2.5,0.088,39.0,106.0,0.9966,3.36,0.78,11.0,0
5.3,0.715,0.19,1.5,0.1225,7.0,62.0,0.99395,3.62,0.61,11.0,0
7.5,0.4,0.12,3.0,0.092,29.0,53.0,0.9967,3.37,0.7,10.3,1
9.8,0.88,0.25,2.5,0.104,35.0,124.5,1.001,3.41,0.67,11.2,0
6.7,0.86,0.07,2.0,0.1,20.0,57.0,0.99598,3.6,0.74,11.7,1
7.8,0.5,0.3,1.9,0.075,8.0,22.0,0.9959,3.31,0.56,10.4,1
7.9,0.51,0.25,2.9,0.077,21.0,45.0,0.9974,3.49,0.96,12.1,1
7.4,0.785,0.19,3.65,0.094,19.0,98.0,0.99713,3.16,0.52,9.56666666666667,1
8.2,0.23,0.42,1.9,0.069,9.0,17.0,0.99376,3.21,0.54,12.3,1
9.5,0.37,0.52,2.0,0.088,12.0,51.0,0.99613,3.29,0.58,11.1,1
12.1,0.21,0.44,2.2,0.075,10.0,24.0,1.00005,3.07,0.84,9.2,1
9.3,0.36,0.39,1.5,0.08,41.0,55.0,0.99652,3.47,0.73,10.9,1
12.1,0.39,0.63,2.3,0.091,6.0,18.0,1.0004,3.16,0.49,9.5,0
7.2,0.835,0.0,2.0,0.1225,4.0,11.0,0.99608,3.39,0.52,10.0,0
9.3,0.39,0.4,2.6,0.073,10.0,26.0,0.9984,3.34,0.75,10.2,1
10.1,0.65,0.37,3.65,0.11,11.0,65.0,1.0011,3.32,0.64,10.4,1
8.1,0.82,0.0,3.65,0.095,5.0,14.0,0.99854,3.36,0.53,9.6,0
8.9,0.875,0.13,3.45,0.088,4.0,14.0,0.9994,3.44,0.52,11.5,0
7.1,0.67,0.0,2.3,0.083,18.0,27.0,0.99768,3.44,0.54,9.4,0
7.7,1.005,0.15,2.1,0.102,11.0,32.0,0.99604,3.23,0.48,10.0,0
5.0,0.74,0.0,1.2,0.041,16.0,46.0,0.99258,3.685,0.59,12.5,1
6.9,0.54,0.3,2.2,0.088,9.0,105.0,0.99725,3.25,0.9955,10.5,1
8.1,0.72,0.09,2.8,0.084,18.0,49.0,0.9994,3.43,0.72,11.1,1
7.4,0.39,0.48,2.0,0.082,14.0,67.0,0.9972,3.34,0.55,9.2,0
8.0,0.6,0.08,2.6,0.056,3.0,7.0,0.99286,3.22,0.37,13.0,0
8.0,0.725,0.24,2.8,0.083,10.0,62.0,0.99685,3.35,0.56,10.0,1
6.4,0.865,0.03,3.2,0.071,27.0,58.0,0.995,3.61,0.49,12.7,1
8.9,0.595,0.41,3.65,0.086,30.0,109.0,0.9998,3.27,0.57,9.3,0
10.4,0.44,0.42,1.5,0.1225,34.0,48.0,0.99832,3.38,0.86,9.9,0
6.8,0.57,0.0,2.5,0.072,32.0,64.0,0.99491,3.43,0.56,11.2,1
6.4,0.36,0.21,2.2,0.047,26.0,48.0,0.99661,3.47,0.77,9.7,1
11.0,0.2,0.48,2.0,0.1225,6.0,18.0,0.9979,3.3,0.71,10.5,0
6.7,0.855,0.02,1.9,0.064,29.0,38.0,0.99472,3.3,0.56,10.75,1
6.3,0.39,0.08,1.7,0.066,3.0,20.0,0.9954,3.34,0.58,9.4,0
6.9,0.51,0.23,2.0,0.072,13.0,22.0,0.99438,3.4,0.84,11.2,1
6.1,0.56,0.0,2.2,0.079,6.0,9.0,0.9948,3.59,0.54,11.5,1
8.2,0.56,0.23,3.4,0.078,14.0,104.0,0.9976,3.28,0.62,9.4,0
9.4,0.34,0.37,2.2,0.075,5.0,13.0,0.998,3.22,0.62,9.2,0
7.9,1.015,0.05,2.2,0.084,13.0,29.0,0.9959,3.22,0.55,9.9,1
8.9,0.22,0.48,1.8,0.077,29.0,60.0,0.9968,3.39,0.53,9.4,1
8.5,0.34,0.4,3.65,0.055,3.0,9.0,0.99738,3.38,0.66,11.6,1
7.7,0.57,0.21,1.5,0.069,4.0,9.0,0.99458,3.16,0.54,9.8,1
7.9,0.58,0.23,2.3,0.076,23.0,94.0,0.99686,3.21,0.58,9.5,1
7.6,0.9,0.06,2.5,0.079,5.0,10.0,0.9967,3.39,0.56,9.8,0
8.4,0.34,0.42,2.1,0.072,23.0,36.0,0.99392,3.11,0.78,12.4,1
6.6,0.705,0.07,1.6,0.076,6.0,15.0,0.9962,3.44,0.58,10.7,0
6.7,0.58,0.08,1.8,0.097,15.0,65.0,0.9959,3.28,0.54,9.2,0
10.3,0.59,0.42,2.8,0.09,35.0,73.0,0.999,3.28,0.7,9.5,1
7.4,0.64,0.07,1.8,0.1,8.0,23.0,0.9961,3.3,0.58,9.6,0
7.2,0.33,0.33,1.7,0.061,3.0,13.0,0.996,3.23,0.9955,10.0,1
8.9,0.38,0.4,2.2,0.068,12.0,28.0,0.99486,3.27,0.75,12.6,1
7.0,0.55,0.13,2.2,0.075,15.0,35.0,0.9959,3.36,0.59,9.7,1
8.0,0.71,0.0,2.6,0.08,11.0,34.0,0.9976,3.44,0.53,9.5,0
6.8,0.36,0.32,1.8,0.067,4.0,8.0,0.9928,3.36,0.55,12.8,1
6.6,0.66,0.0,3.0,0.115,21.0,31.0,0.99629,3.45,0.63,10.3,0
9.1,0.68,0.11,2.8,0.093,11.0,44.0,0.99888,3.31,0.55,9.5,1
9.8,0.5,0.49,2.6,0.1225,5.0,20.0,0.999,3.31,0.79,10.7,1
6.5,0.51,0.15,3.0,0.064,12.0,27.0,0.9929,3.33,0.59,12.8,1
6.7,0.76,0.02,1.8,0.078,6.0,12.0,0.996,3.55,0.63,9.95,0
6.6,0.56,0.14,2.4,0.064,13.0,29.0,0.99397,3.42,0.62,11.7,1
7.9,0.65,0.01,2.5,0.078,17.0,38.0,0.9963,3.34,0.74,11.7,1
9.1,0.28,0.46,3.65,0.114,3.0,9.0,0.99901,3.18,0.6,10.9,1
11.6,0.32,0.55,2.8,0.081,35.0,67.0,1.0002,3.32,0.92,10.8,1
6.8,0.62,0.08,1.9,0.068,28.0,38.0,0.99651,3.42,0.82,9.5,1
12.1,0.35,0.49,2.6,0.079,27.0,69.0,0.9994,3.12,0.75,10.4,1
7.6,0.78,0.0,1.7,0.076,33.0,45.0,0.99612,3.31,0.62,10.7,1
12.1,0.4,0.51,2.0,0.059,6.0,24.0,0.9994,3.04,0.6,9.3,1
10.4,0.24,0.49,1.8,0.075,6.0,20.0,0.9977,3.18,0.9955,11.0,1
6.8,0.69,0.0,3.65,0.1225,21.0,58.0,0.9997,3.46,0.72,10.2,0
5.3,0.47,0.11,2.2,0.048,16.0,89.0,0.9924,3.54,0.88,13.4792,1
7.2,0.53,0.14,2.1,0.064,15.0,29.0,0.99323,3.35,0.61,12.1,1
9.5,0.59,0.44,2.3,0.071,21.0,68.0,0.9992,3.46,0.63,9.5,0
5.8,1.01,0.66,2.0,0.039,15.0,88.0,0.99357,3.66,0.6,11.5,1
9.9,0.54,0.26,2.0,0.111,7.0,60.0,0.99709,2.94,0.98,10.2,0
7.6,0.68,0.02,1.3,0.072,9.0,20.0,0.9965,3.17,0.9955,9.2,0
10.6,0.42,0.48,2.7,0.065,5.0,18.0,0.9972,3.21,0.87,11.3,1
8.4,0.37,0.53,1.8,0.1225,9.0,26.0,0.9979,3.06,0.9955,9.1,1
8.4,1.015,0.15,3.65,0.073,11.0,54.0,0.999,3.37,0.49,9.9,0
6.6,0.8,0.03,3.65,0.079,6.0,12.0,0.9963,3.52,0.5,12.2,0
8.3,0.31,0.39,2.4,0.078,17.0,43.0,0.99444,3.31,0.77,12.5,1
6.1,0.58,0.23,2.5,0.044,16.0,70.0,0.99352,3.46,0.65,12.5,1
7.7,0.6,0.06,2.0,0.079,19.0,41.0,0.99697,3.39,0.62,10.1,1
5.9,0.19,0.21,1.7,0.045,42.0,124.5,0.99341,3.32,0.44,9.5,0
8.3,0.675,0.26,2.1,0.084,11.0,43.0,0.9976,3.31,0.53,9.2,0
7.8,0.815,0.01,2.6,0.074,42.0,90.0,0.99621,3.38,0.62,10.8,0
7.3,0.55,0.03,1.6,0.072,17.0,42.0,0.9956,3.37,0.48,9.0,0
12.1,0.49,0.67,3.0,0.093,6.0,15.0,0.9986,3.02,0.93,12.0,1
7.5,0.58,0.14,2.2,0.077,27.0,60.0,0.9963,3.28,0.59,9.8,0
11.2,0.5,0.74,3.65,0.1,5.0,17.0,0.9996,3.22,0.62,11.2,0
6.4,0.64,0.21,1.8,0.081,14.0,31.0,0.99689,3.59,0.66,9.8,0
8.6,0.42,0.39,1.8,0.068,6.0,12.0,0.99516,3.35,0.69,11.7,1
7.8,0.59,0.33,2.0,0.074,24.0,120.0,0.9968,3.25,0.54,9.4,0
7.9,0.35,0.46,3.6,0.078,15.0,37.0,0.9973,3.35,0.86,12.8,1
7.3,0.39,0.31,2.4,0.074,9.0,46.0,0.9962,3.41,0.54,9.4,1
7.8,0.64,0.0,1.9,0.072,27.0,55.0,0.9962,3.31,0.63,11.0,0
7.1,0.685,0.35,2.0,0.088,9.0,92.0,0.9963,3.28,0.62,9.4,0
7.0,0.56,0.13,1.6,0.077,25.0,42.0,0.99629,3.34,0.59,9.2,0
7.2,0.54,0.27,2.6,0.084,12.0,78.0,0.9964,3.39,0.71,11.0,0
7.1,0.68,0.0,2.2,0.073,12.0,22.0,0.9969,3.48,0.5,9.3,0
8.0,0.52,0.03,1.7,0.07,10.0,35.0,0.99575,3.34,0.57,10.0,0
6.0,0.5,0.04,2.2,0.092,13.0,26.0,0.99647,3.46,0.47,10.0,0
8.9,0.28,0.45,1.7,0.067,7.0,12.0,0.99354,3.25,0.55,12.3,1
11.9,0.38,0.51,2.0,0.121,7.0,20.0,0.9996,3.24,0.76,10.4,1
11.1,0.18,0.48,1.5,0.068,7.0,15.0,0.9973,3.22,0.64,10.1,1
8.0,0.43,0.36,2.3,0.075,10.0,48.0,0.9976,3.34,0.46,9.4,0
7.2,0.38,0.31,2.0,0.056,15.0,29.0,0.99472,3.23,0.76,11.3,1
5.6,0.54,0.04,1.7,0.049,5.0,13.0,0.9942,3.685,0.58,11.4,0
7.5,0.57,0.02,2.6,0.077,11.0,35.0,0.99557,3.36,0.62,10.8,1
7.6,0.54,0.13,2.5,0.097,24.0,66.0,0.99785,3.39,0.61,9.4,0
7.8,0.56,0.19,1.8,0.104,12.0,47.0,0.9964,3.19,0.93,9.5,0
7.5,0.59,0.22,1.8,0.082,42.0,60.0,0.99499,3.1,0.42,9.2,0
8.9,0.48,0.53,3.65,0.101,3.0,10.0,0.99586,3.21,0.59,12.1,1
5.0,0.42,0.24,2.0,0.06,19.0,50.0,0.9924,3.685,0.74,13.4792,1
7.7,0.96,0.2,2.0,0.047,15.0,60.0,0.9955,3.36,0.44,10.9,0
7.0,0.805,0.0,2.5,0.068,7.0,20.0,0.9969,3.48,0.56,9.6,0
8.2,0.4,0.31,1.9,0.082,8.0,24.0,0.996,3.24,0.69,10.6,1
8.2,0.33,0.39,2.5,0.074,29.0,48.0,0.99528,3.32,0.88,12.4,1
6.3,0.68,0.01,3.65,0.103,32.0,54.0,0.99586,3.51,0.66,11.3,1
8.2,0.39,0.49,2.3,0.099,42.0,124.5,0.9979,3.38,0.99,9.8,0
9.3,0.775,0.27,2.8,0.078,24.0,56.0,0.9984,3.31,0.67,10.6,1
12.1,0.34,0.5,2.4,0.066,10.0,21.0,1.0,3.12,0.9955,9.2,1
9.9,0.44,0.46,2.2,0.091,10.0,41.0,0.99638,3.18,0.69,11.9,1
7.6,0.665,0.1,1.5,0.066,27.0,55.0,0.99655,3.39,0.51,9.3,0
7.9,0.3,0.68,3.65,0.05,37.5,124.5,0.99316,3.01,0.51,12.3,1
12.1,0.5,0.49,2.2,0.089,5.0,14.0,1.0002,3.19,0.44,9.6,0
7.7,0.935,0.43,2.2,0.114,22.0,114.0,0.997,3.25,0.73,9.2,0
9.7,0.53,0.6,2.0,0.039,5.0,19.0,0.99585,3.3,0.86,12.4,1
9.1,0.64,0.23,3.1,0.095,13.0,38.0,0.9998,3.28,0.59,9.7,0
6.4,0.4,0.23,1.6,0.066,5.0,12.0,0.9958,3.34,0.56,9.2,0
9.1,0.785,0.0,2.6,0.093,11.0,28.0,0.9994,3.36,0.86,9.4,1
11.4,0.625,0.66,3.65,0.088,6.0,24.0,0.9988,3.11,0.99,13.3,1
11.5,0.35,0.49,3.3,0.07,10.0,37.0,1.0003,3.32,0.91,11.0,1
7.5,0.42,0.32,2.7,0.067,7.0,25.0,0.99628,3.24,0.44,10.4,0
6.9,0.84,0.21,3.65,0.074,16.0,65.0,0.99842,3.53,0.72,9.23333333333333,1
8.0,0.745,0.56,2.0,0.118,30.0,124.5,0.9968,3.24,0.66,9.4,0
7.2,0.39,0.44,2.6,0.066,22.0,48.0,0.99494,3.3,0.84,11.5,1
6.0,0.54,0.06,1.8,0.05,38.0,89.0,0.9924,3.3,0.5,10.55,1
6.9,0.4,0.24,2.5,0.083,30.0,45.0,0.9959,3.26,0.58,10.0,0
8.7,0.42,0.45,2.4,0.072,32.0,59.0,0.99617,3.33,0.77,12.0,1
8.0,0.28,0.44,1.8,0.081,28.0,68.0,0.99501,3.36,0.66,11.2,0
7.8,0.6,0.26,2.0,0.08,31.0,124.5,0.99622,3.21,0.52,9.9,0
7.1,0.46,0.14,2.8,0.076,15.0,37.0,0.99624,3.36,0.49,10.7,0
7.2,0.58,0.54,2.1,0.114,3.0,9.0,0.99719,3.33,0.57,10.3,0
8.1,0.825,0.24,2.1,0.084,5.0,13.0,0.9972,3.37,0.77,10.7,1
6.8,0.5,0.11,1.5,0.075,16.0,49.0,0.99545,3.36,0.79,9.5,0
10.3,0.32,0.45,3.65,0.073,5.0,13.0,0.9976,3.23,0.82,12.6,1
9.1,0.765,0.04,1.6,0.078,4.0,14.0,0.998,3.29,0.54,9.7,0
9.8,0.5,0.34,2.3,0.094,10.0,45.0,0.99864,3.24,0.6,9.7,1
12.1,0.29,0.75,2.8,0.084,23.0,43.0,0.9986,3.04,0.68,11.4,1
10.3,0.41,0.42,2.4,0.1225,6.0,14.0,0.9994,3.19,0.62,9.5,1
7.1,0.47,0.0,2.2,0.067,7.0,14.0,0.99517,3.4,0.58,10.9,0
8.3,0.6,0.13,2.6,0.085,6.0,24.0,0.9984,3.31,0.59,9.2,1
6.4,0.69,0.0,1.65,0.055,7.0,12.0,0.9924,3.47,0.53,12.9,1
7.5,0.77,0.2,3.65,0.098,30.0,92.0,0.99892,3.2,0.58,9.2,0
7.0,0.5,0.14,1.8,0.078,10.0,23.0,0.99636,3.53,0.61,10.4,0
7.5,0.6,0.32,2.7,0.103,13.0,98.0,0.99938,3.45,0.62,9.5,0
7.5,0.27,0.34,2.3,0.05,4.0,8.0,0.9951,3.4,0.64,11.0,1
10.0,0.43,0.33,2.7,0.095,28.0,89.0,0.9984,3.22,0.68,10.0,0
10.3,0.27,0.24,2.1,0.072,15.0,33.0,0.9956,3.22,0.66,12.8,1
7.9,0.54,0.34,2.5,0.076,8.0,17.0,0.9924,3.2,0.72,13.1,1
12.1,0.3,0.74,2.6,0.095,9.0,28.0,0.9994,3.2,0.77,10.8,1
6.9,0.605,0.12,3.65,0.073,40.0,83.0,0.9993,3.45,0.52,9.4,1
7.1,0.68,0.07,1.9,0.075,16.0,51.0,0.99685,3.38,0.52,9.5,0
8.4,0.56,0.08,2.1,0.105,16.0,44.0,0.9958,3.13,0.52,11.0,0
7.1,0.16,0.44,2.5,0.068,17.0,31.0,0.99328,3.35,0.54,12.4,1
8.0,0.705,0.05,1.9,0.074,8.0,19.0,0.9962,3.34,0.95,10.5,1
8.5,0.32,0.42,2.3,0.075,12.0,19.0,0.99434,3.14,0.71,11.8,1
6.1,0.715,0.1,2.6,0.053,13.0,27.0,0.99362,3.57,0.5,11.9,0
8.6,0.53,0.22,2.0,0.1,7.0,27.0,0.9967,3.2,0.56,10.2,1
9.9,0.63,0.24,2.4,0.077,6.0,33.0,0.9974,3.09,0.57,9.4,0
11.5,0.18,0.51,3.65,0.104,4.0,23.0,0.9996,3.28,0.97,10.1,1
5.7,1.015,0.09,1.5,0.1225,7.0,19.0,0.994,3.5,0.48,9.8,0
7.8,0.91,0.07,1.9,0.058,22.0,47.0,0.99525,3.51,0.43,10.7,1
8.9,0.31,0.57,2.0,0.111,26.0,85.0,0.9971,3.26,0.53,9.7,0
7.2,0.73,0.02,2.5,0.076,16.0,42.0,0.9972,3.44,0.52,9.3,0
7.4,0.59,0.08,3.65,0.086,6.0,29.0,0.9974,3.38,0.5,9.0,0
12.1,0.42,0.49,3.65,0.073,19.0,43.0,0.9978,3.02,0.61,9.5,0
9.8,0.34,0.39,1.4,0.066,3.0,7.0,0.9947,3.19,0.55,11.4,1
7.6,0.735,0.02,2.5,0.071,10.0,14.0,0.99538,3.51,0.71,11.7,1
9.5,0.735,0.1,2.1,0.079,6.0,31.0,0.9986,3.23,0.56,10.1,1
12.1,0.685,0.76,3.65,0.1,6.0,43.0,1.0011,2.95,0.68,11.2,1
8.7,0.84,0.0,1.4,0.065,24.0,33.0,0.9954,3.27,0.55,9.7,0
7.4,0.74,0.07,1.7,0.086,15.0,48.0,0.99502,3.12,0.48,10.0,0
7.2,0.63,0.0,1.9,0.097,14.0,38.0,0.99675,3.37,0.58,9.0,1
10.0,0.58,0.22,1.9,0.08,9.0,32.0,0.9974,3.13,0.55,9.5,0
7.2,0.34,0.32,2.5,0.09,42.0,113.0,0.9966,3.32,0.79,11.1,0
10.3,0.44,0.5,3.65,0.107,5.0,13.0,0.998,3.28,0.83,11.5,0
7.5,0.63,0.27,2.0,0.083,17.0,91.0,0.99616,3.26,0.58,9.8,1
6.0,0.49,0.0,2.3,0.068,15.0,33.0,0.99292,3.58,0.59,12.5,1
12.1,0.56,0.49,2.4,0.064,5.0,27.0,0.9999,3.08,0.87,10.9,0
8.0,0.52,0.25,2.0,0.078,19.0,59.0,0.99612,3.3,0.48,10.2,0
8.3,0.43,0.3,3.4,0.079,7.0,34.0,0.99788,3.36,0.61,10.5,0
6.5,0.615,0.0,1.9,0.065,9.0,18.0,0.9972,3.46,0.65,9.2,0
7.1,0.52,0.03,2.6,0.076,21.0,92.0,0.99745,3.5,0.6,9.8,0
6.4,0.38,0.14,2.2,0.0385,15.0,25.0,0.99514,3.44,0.65,11.1,1
9.2,0.53,0.24,2.6,0.078,28.0,124.5,0.99788,3.21,0.57,9.5,0
10.9,0.21,0.49,2.8,0.088,11.0,32.0,0.9972,3.22,0.68,11.7,1
7.8,0.645,0.0,2.0,0.082,8.0,16.0,0.9964,3.38,0.59,9.8,1
11.3,0.36,0.66,2.4,0.1225,3.0,8.0,0.99642,3.2,0.53,11.9,1
9.9,0.35,0.38,1.5,0.058,31.0,47.0,0.99676,3.26,0.82,10.6,1
10.0,0.41,0.45,3.65,0.071,6.0,14.0,0.99702,3.21,0.49,11.8,1
9.0,0.47,0.31,2.7,0.084,24.0,124.5,0.9984,3.31,0.61,9.4,0
6.2,0.58,0.0,1.6,0.065,8.0,18.0,0.9966,3.56,0.84,9.4,0
7.2,0.695,0.13,2.0,0.076,12.0,20.0,0.99546,3.29,0.54,10.1,0
8.6,0.635,0.68,1.8,0.1225,19.0,56.0,0.99632,3.02,0.9955,9.3,0
9.2,0.92,0.24,2.6,0.087,12.0,93.0,0.9998,3.48,0.54,9.8,0
10.5,0.51,0.64,2.4,0.107,6.0,15.0,0.9973,3.09,0.66,11.8,1
6.6,0.61,0.0,1.6,0.069,4.0,8.0,0.99396,3.33,0.37,10.4,0
6.7,0.7,0.08,3.65,0.067,8.0,16.0,0.99334,3.43,0.52,12.6,0
11.9,0.58,0.66,2.5,0.072,6.0,37.0,0.9992,3.05,0.56,10.0,0
8.8,0.45,0.43,1.4,0.076,12.0,21.0,0.99551,3.21,0.75,10.2,1
7.9,0.43,0.21,1.6,0.106,10.0,37.0,0.9966,3.17,0.91,9.5,0
8.1,0.78,0.23,2.6,0.059,5.0,15.0,0.997,3.37,0.56,11.3,0
8.5,0.28,0.56,1.8,0.092,35.0,103.0,0.9969,3.3,0.75,10.5,1
5.4,0.835,0.08,1.2,0.046,13.0,93.0,0.9924,3.57,0.85,13.0,1
12.1,0.84,0.63,2.4,0.088,13.0,35.0,0.9997,3.1,0.6,10.4,1
10.4,0.33,0.63,2.8,0.084,5.0,22.0,0.9998,3.26,0.74,11.2,1
8.0,0.45,0.23,2.2,0.094,16.0,29.0,0.9962,3.21,0.49,10.2,1
10.0,0.32,0.59,2.2,0.077,3.0,15.0,0.9994,3.2,0.78,9.6,0
7.4,0.55,0.22,2.2,0.106,12.0,72.0,0.9959,3.05,0.63,9.2,0
8.9,0.565,0.34,3.0,0.093,16.0,112.0,0.9998,3.38,0.61,9.5,0
6.8,0.61,0.04,1.5,0.057,5.0,10.0,0.99525,3.42,0.6,9.5,0
10.3,0.27,0.56,1.4,0.047,3.0,8.0,0.99471,3.16,0.51,11.8,1
7.7,0.56,0.2,2.0,0.075,9.0,39.0,0.9987,3.48,0.62,9.3,0
7.6,0.55,0.21,2.2,0.071,7.0,28.0,0.9964,3.28,0.55,9.7,0
7.4,0.49,0.27,2.1,0.071,14.0,25.0,0.99388,3.35,0.63,12.0,1
5.3,0.47,0.11,2.2,0.048,16.0,89.0,0.9924,3.54,0.88,13.4792,1
6.7,0.28,0.28,2.4,0.0385,36.0,100.0,0.9924,3.26,0.39,11.7,1
11.9,0.695,0.53,3.4,0.1225,7.0,21.0,0.9992,3.17,0.84,12.2,1
7.3,0.33,0.47,2.1,0.077,5.0,11.0,0.9958,3.33,0.53,10.3,1
8.1,0.38,0.48,1.8,0.1225,5.0,17.0,0.9976,3.3,0.9955,9.4,0
9.0,0.46,0.31,2.8,0.093,19.0,98.0,0.99815,3.32,0.63,9.5,1
7.7,0.18,0.34,2.7,0.066,15.0,58.0,0.9947,3.37,0.78,11.8,1
7.0,0.6,0.3,3.65,0.068,20.0,110.0,0.99914,3.3,0.9955,10.2,0
10.6,0.83,0.37,2.6,0.086,26.0,70.0,0.9981,3.16,0.52,9.9,0
9.4,0.685,0.26,2.4,0.082,23.0,124.5,0.9978,3.28,0.55,9.4,0
8.2,0.74,0.09,2.0,0.067,5.0,10.0,0.99418,3.28,0.57,11.8,1
10.0,0.35,0.47,2.0,0.061,6.0,11.0,0.99585,3.23,0.52,12.0,1
8.9,0.62,0.18,3.65,0.1225,42.0,124.5,0.9986,3.16,0.88,9.2,0
7.2,0.605,0.02,1.9,0.096,10.0,31.0,0.995,3.46,0.53,11.8,1
8.5,0.37,0.32,1.8,0.066,26.0,51.0,0.99456,3.38,0.72,11.8,1
7.3,0.59,0.26,2.0,0.08,17.0,104.0,0.99584,3.28,0.52,9.9,0
7.6,0.52,0.12,3.0,0.067,12.0,53.0,0.9971,3.36,0.57,9.1,0
8.1,0.545,0.18,1.9,0.08,13.0,35.0,0.9972,3.3,0.59,9.0,1
9.3,0.38,0.48,3.65,0.1225,3.0,11.0,0.99577,3.23,0.57,13.2,1
6.6,0.63,0.0,3.65,0.093,42.0,77.5,0.99558,3.2,0.45,9.5,0
11.4,0.46,0.5,2.7,0.122,4.0,17.0,1.0006,3.13,0.7,10.2,0
12.1,0.43,0.58,1.9,0.07,15.0,40.0,1.0004,3.06,0.49,9.0,0
11.5,0.3,0.6,2.0,0.067,12.0,27.0,0.9981,3.11,0.97,10.1,1
8.0,0.83,0.27,2.0,0.08,11.0,63.0,0.99652,3.29,0.48,9.8,0
6.1,0.32,0.25,2.3,0.071,23.0,58.0,0.99633,3.42,0.97,10.6,0
8.6,0.52,0.38,1.5,0.096,5.0,18.0,0.99666,3.2,0.52,9.4,0
11.8,0.33,0.49,3.4,0.093,42.0,80.0,1.0002,3.3,0.76,10.7,1
6.4,0.57,0.02,1.8,0.067,4.0,11.0,0.997,3.46,0.68,9.5,0
7.5,0.58,0.2,2.0,0.073,34.0,44.0,0.99494,3.1,0.43,9.3,0
9.1,0.4,0.5,1.8,0.071,7.0,16.0,0.99462,3.21,0.69,12.5,1
8.0,0.58,0.28,3.2,0.066,21.0,114.0,0.9973,3.22,0.54,9.4,1
6.4,0.795,0.0,2.2,0.065,28.0,52.0,0.99378,3.49,0.52,11.6,0
10.4,0.52,0.45,2.0,0.08,6.0,13.0,0.99774,3.22,0.76,11.4,1
5.9,0.395,0.13,2.4,0.056,14.0,28.0,0.99362,3.62,0.67,12.4,1
8.0,0.77,0.32,2.1,0.079,16.0,74.0,0.99656,3.27,0.5,9.8,1
7.5,0.4,0.18,1.6,0.079,24.0,58.0,0.9965,3.34,0.58,9.4,0
7.5,0.64,0.0,2.4,0.077,18.0,29.0,0.9965,3.32,0.6,10.0,1
7.5,0.41,0.15,3.65,0.104,29.0,94.0,0.99786,3.14,0.58,9.1,0
7.9,0.72,0.17,2.6,0.096,20.0,38.0,0.9978,3.4,0.53,9.5,0
12.1,0.28,0.54,2.3,0.082,12.0,29.0,0.9997,3.11,0.9955,9.8,1
6.5,0.46,0.14,2.4,0.114,9.0,37.0,0.99732,3.66,0.65,9.8,0
8.1,0.87,0.0,2.2,0.084,10.0,31.0,0.99656,3.25,0.5,9.8,0
9.4,0.33,0.59,2.8,0.079,9.0,30.0,0.9976,3.12,0.54,12.0,1
8.3,0.3,0.49,3.65,0.09,11.0,24.0,0.99498,3.27,0.64,12.1,1
7.1,0.71,0.0,1.9,0.08,14.0,35.0,0.9972,3.47,0.55,9.4,0
9.0,0.44,0.49,2.4,0.078,26.0,121.0,0.9978,3.23,0.58,9.2,0
7.3,0.4,0.3,1.7,0.08,33.0,79.0,0.9969,3.41,0.65,9.5,1
7.4,0.47,0.46,2.2,0.114,7.0,20.0,0.99647,3.32,0.63,10.5,0
5.1,0.47,0.02,1.3,0.0385,18.0,44.0,0.9924,3.685,0.62,12.8,1
6.8,0.48,0.08,1.8,0.074,40.0,64.0,0.99529,3.12,0.49,9.6,0
8.8,0.24,0.54,2.5,0.083,25.0,57.0,0.9983,3.39,0.54,9.2,0
7.0,0.58,0.28,3.65,0.085,12.0,69.0,0.99633,3.32,0.7,11.0,1
6.9,0.45,0.11,2.4,0.043,6.0,12.0,0.99354,3.3,0.65,11.4,1
8.7,0.63,0.28,2.7,0.096,17.0,69.0,0.99734,3.26,0.63,10.2,1
8.8,0.37,0.48,2.1,0.097,39.0,124.5,0.9975,3.04,0.9955,9.3,0
7.0,0.735,0.05,2.0,0.081,13.0,54.0,0.9966,3.39,0.57,9.8,0
10.2,0.41,0.43,2.2,0.11,11.0,37.0,0.99728,3.16,0.67,10.8,0
7.5,0.38,0.57,2.3,0.106,5.0,12.0,0.99605,3.36,0.55,11.4,1
9.1,0.45,0.35,2.4,0.08,23.0,78.0,0.9987,3.38,0.62,9.5,0
5.0,1.015,0.24,1.6,0.05,32.0,96.0,0.9934,3.685,0.62,11.5,0
8.8,0.48,0.41,3.3,0.092,26.0,52.0,0.9982,3.31,0.53,10.5,1
8.4,0.39,0.1,1.7,0.075,6.0,25.0,0.99581,3.09,0.43,9.7,1
8.7,0.625,0.16,2.0,0.101,13.0,49.0,0.9962,3.14,0.57,11.0,0
6.8,0.61,0.2,1.8,0.077,11.0,65.0,0.9971,3.54,0.58,9.3,0
8.9,0.31,0.36,2.6,0.056,10.0,39.0,0.99562,3.4,0.69,11.8,0
7.2,0.45,0.15,2.0,0.078,10.0,28.0,0.99609,3.29,0.51,9.9,1
7.9,0.66,0.0,1.4,0.096,6.0,13.0,0.99569,3.43,0.58,9.5,0
6.3,0.3,0.48,1.8,0.069,18.0,61.0,0.9959,3.44,0.78,10.3,1
6.9,0.63,0.01,2.4,0.076,14.0,39.0,0.99522,3.34,0.53,10.8,1
6.5,0.885,0.0,2.3,0.1225,6.0,12.0,0.99551,3.56,0.51,10.8,0
7.8,0.645,0.0,3.65,0.086,5.0,18.0,0.9986,3.4,0.55,9.6,1
9.3,0.32,0.57,2.0,0.074,27.0,65.0,0.9969,3.28,0.79,10.7,0
9.0,0.43,0.34,2.5,0.08,26.0,86.0,0.9987,3.38,0.62,9.5,1
9.8,0.39,0.43,1.65,0.068,5.0,11.0,0.99478,3.19,0.46,11.4,0
6.3,0.51,0.13,2.3,0.076,29.0,40.0,0.99574,3.42,0.75,11.0,1
7.0,0.65,0.02,2.1,0.066,8.0,25.0,0.9972,3.47,0.67,9.5,1
6.6,0.895,0.04,2.3,0.068,7.0,13.0,0.99582,3.53,0.58,10.8,1
7.3,0.66,0.0,2.0,0.084,6.0,23.0,0.9983,3.61,0.96,9.9,1
7.7,0.62,0.04,3.65,0.084,25.0,45.0,0.9978,3.34,0.53,9.5,0
12.1,0.32,0.65,2.6,0.093,15.0,47.0,0.9996,3.05,0.61,10.6,0
11.8,0.26,0.52,1.8,0.071,6.0,10.0,0.9968,3.2,0.72,10.2,1
8.1,0.66,0.7,2.2,0.098,25.0,124.5,0.9972,3.08,0.53,9.0,0
9.9,0.74,0.19,3.65,0.111,33.0,76.0,0.99878,3.14,0.55,9.4,0
6.6,0.52,0.04,2.2,0.069,8.0,15.0,0.9956,3.4,0.63,9.4,1
8.6,0.315,0.4,2.2,0.079,3.0,6.0,0.99512,3.27,0.67,11.9,1
9.4,0.41,0.48,3.65,0.072,10.0,20.0,0.9973,3.34,0.79,12.2,1
8.2,0.915,0.27,2.1,0.088,7.0,23.0,0.9962,3.26,0.47,10.0,0
7.0,0.36,0.21,2.4,0.086,24.0,69.0,0.99556,3.4,0.53,10.1,1
8.7,0.29,0.52,1.6,0.113,12.0,37.0,0.9969,3.25,0.58,9.5,0
11.6,0.44,0.64,2.1,0.059,5.0,15.0,0.998,3.21,0.67,10.2,1
9.6,0.38,0.31,2.5,0.096,16.0,49.0,0.9982,3.19,0.7,10.0,1
7.3,0.59,0.26,3.65,0.07,35.0,121.0,0.9981,3.37,0.49,9.4,0
10.2,0.24,0.49,2.4,0.075,10.0,28.0,0.9978,3.14,0.61,10.4,0
9.5,0.86,0.26,1.9,0.079,13.0,28.0,0.99712,3.25,0.62,10.0,0
7.7,0.915,0.12,2.2,0.1225,7.0,23.0,0.9964,3.35,0.65,10.2,1
10.2,0.645,0.36,1.8,0.053,5.0,14.0,0.9982,3.17,0.42,10.0,1
8.4,0.67,0.19,2.2,0.093,11.0,75.0,0.99736,3.2,0.59,9.2,0
7.7,0.64,0.21,2.2,0.077,32.0,124.5,0.9956,3.27,0.45,9.9,0
10.5,0.36,0.47,2.2,0.074,9.0,23.0,0.99638,3.23,0.76,12.0,1
11.4,0.26,0.44,3.6,0.071,6.0,19.0,0.9986,3.12,0.82,9.3,1
7.6,0.41,0.49,2.0,0.088,16.0,43.0,0.998,3.48,0.64,9.1,0
7.0,0.5,0.25,2.0,0.07,3.0,22.0,0.9963,3.25,0.63,9.2,0
12.1,0.38,0.6,2.6,0.081,31.0,72.0,0.9996,3.1,0.73,10.5,0
10.2,0.23,0.37,2.2,0.057,14.0,36.0,0.99614,3.23,0.49,9.3,0
7.5,0.705,0.24,1.8,0.1225,15.0,63.0,0.9964,3.0,0.9955,9.5,0
10.7,0.43,0.39,2.2,0.106,8.0,32.0,0.9986,2.925,0.5,9.6,0
6.8,0.65,0.02,2.1,0.078,8.0,15.0,0.99498,3.35,0.62,10.4,1
7.8,0.735,0.08,2.4,0.092,10.0,41.0,0.9974,3.24,0.71,9.8,1
8.9,0.24,0.39,1.6,0.074,3.0,10.0,0.99698,3.12,0.59,9.5,1
8.6,0.645,0.25,2.0,0.083,8.0,28.0,0.99815,3.28,0.6,10.0,1
6.4,0.47,0.4,2.4,0.071,8.0,19.0,0.9963,3.56,0.73,10.6,1
7.8,0.82,0.29,3.65,0.083,21.0,64.0,0.99642,3.16,0.53,9.4,0
6.8,0.56,0.03,1.7,0.084,18.0,35.0,0.9968,3.44,0.63,10.0,1
7.3,0.52,0.32,2.1,0.07,42.0,70.0,0.99418,3.34,0.82,12.9,1
7.1,0.6,0.0,1.8,0.074,16.0,34.0,0.9972,3.47,0.7,9.9,1
6.3,0.76,0.0,2.9,0.072,26.0,52.0,0.99379,3.51,0.6,11.5,1
7.2,0.62,0.06,2.5,0.078,17.0,84.0,0.99746,3.51,0.53,9.7,0
6.8,0.47,0.08,2.2,0.064,18.0,38.0,0.99553,3.3,0.65,9.6,1
8.9,0.4,0.32,3.65,0.087,10.0,47.0,0.9991,3.38,0.77,10.5,1
7.0,0.43,0.02,1.9,0.08,15.0,28.0,0.99492,3.35,0.81,10.6,1
6.4,0.885,0.0,2.3,0.1225,6.0,12.0,0.99551,3.56,0.51,10.8,0
9.1,0.25,0.34,2.0,0.071,42.0,67.0,0.99769,3.44,0.86,10.2,1
10.4,0.575,0.61,2.6,0.076,11.0,24.0,1.0,3.16,0.69,9.0,0
5.7,0.6,0.0,1.4,0.063,11.0,18.0,0.9924,3.45,0.56,12.2,1
6.7,1.015,0.08,2.3,0.067,19.0,32.0,0.99648,3.52,0.57,11.0,0
7.0,0.56,0.17,1.7,0.065,15.0,24.0,0.99514,3.44,0.68,10.55,1
8.5,0.37,0.2,2.8,0.09,18.0,58.0,0.998,3.34,0.7,9.6,1
11.9,0.58,0.58,1.9,0.071,5.0,18.0,0.998,3.09,0.63,10.0,1
7.2,0.53,0.13,2.0,0.058,18.0,22.0,0.99573,3.21,0.68,9.9,1
7.6,0.62,0.32,2.2,0.082,7.0,54.0,0.9966,3.36,0.52,9.4,0
12.1,0.645,0.49,3.65,0.095,10.0,23.0,1.0011,2.925,0.74,11.1,0
8.8,0.59,0.18,2.9,0.089,12.0,74.0,0.99738,3.14,0.54,9.4,0
6.8,0.63,0.07,2.1,0.089,11.0,44.0,0.9953,3.47,0.55,10.4,1
7.4,0.53,0.12,1.9,0.1225,4.0,12.0,0.99702,3.26,0.86,9.2,0
9.6,0.88,0.28,2.4,0.086,30.0,124.5,0.9979,3.24,0.53,9.4,0
9.9,0.4,0.53,3.65,0.097,6.0,19.0,0.9986,3.27,0.82,11.7,1
6.9,0.4,0.14,2.4,0.085,21.0,40.0,0.9968,3.43,0.63,9.7,1
8.3,0.53,0.0,1.4,0.07,6.0,14.0,0.99593,3.25,0.64,10.0,1
6.8,0.49,0.22,2.3,0.071,13.0,24.0,0.99438,3.41,0.83,11.3,1
6.9,0.52,0.25,2.6,0.081,10.0,37.0,0.99685,3.46,0.5,11.0,0
8.7,0.33,0.38,3.3,0.063,10.0,19.0,0.99468,3.3,0.73,12.0,1
9.0,0.45,0.49,2.6,0.084,21.0,75.0,0.9987,3.35,0.57,9.7,0
9.3,0.33,0.45,1.5,0.057,19.0,37.0,0.99498,3.18,0.89,11.1,1
8.0,0.38,0.06,1.8,0.078,12.0,49.0,0.99625,3.37,0.52,9.9,1
7.7,0.835,0.0,2.6,0.081,6.0,14.0,0.9975,3.3,0.52,9.3,0
7.6,0.51,0.15,2.8,0.11,33.0,73.0,0.9955,3.17,0.63,10.2,1
6.1,0.21,0.4,1.4,0.066,40.5,124.5,0.9924,3.25,0.59,11.9,1
6.8,0.59,0.1,1.7,0.063,34.0,53.0,0.9958,3.41,0.67,9.7,0
12.0,0.39,0.66,3.0,0.093,12.0,30.0,0.9996,3.18,0.63,10.8,1
5.4,0.58,0.08,1.9,0.059,20.0,31.0,0.99484,3.5,0.64,10.2,1
8.7,0.46,0.31,2.5,0.1225,24.0,64.0,0.99746,3.1,0.74,9.6,0
7.9,0.6,0.06,1.6,0.069,15.0,59.0,0.9964,3.3,0.46,9.4,0
8.2,0.24,0.34,3.65,0.062,8.0,22.0,0.9974,3.22,0.94,10.9,1
7.8,0.52,0.25,1.9,0.081,14.0,38.0,0.9984,3.43,0.65,9.0,1
8.0,0.31,0.45,2.1,0.1225,5.0,16.0,0.99358,3.15,0.81,12.5,1
10.2,0.54,0.37,3.65,0.1225,42.0,95.0,1.0011,3.18,0.77,9.0,1
7.4,0.49,0.19,3.0,0.077,16.0,37.0,0.9966,3.37,0.51,10.5,0
7.8,0.5,0.12,1.8,0.1225,6.0,21.0,0.996,3.28,0.87,9.8,1
6.9,0.44,0.0,1.4,0.07,32.0,38.0,0.99438,3.32,0.58,11.4,1
8.2,0.4,0.44,2.8,0.089,11.0,43.0,0.9975,3.53,0.61,10.5,1
7.0,0.655,0.16,2.1,0.074,8.0,25.0,0.99606,3.37,0.55,9.7,0
9.5,0.78,0.22,1.9,0.077,6.0,32.0,0.9988,3.26,0.56,10.6,1
6.2,0.57,0.1,2.1,0.048,4.0,11.0,0.99448,3.44,0.76,10.8,1
8.3,0.655,0.12,2.3,0.083,15.0,113.0,0.9966,3.17,0.66,9.8,0
5.4,0.74,0.09,1.7,0.089,16.0,26.0,0.99402,3.67,0.56,11.6,1
8.2,0.34,0.37,1.9,0.057,42.0,74.0,0.99408,3.23,0.81,12.0,1
10.0,0.31,0.47,2.6,0.085,14.0,33.0,0.99965,3.36,0.8,10.5,1
7.0,0.42,0.19,2.3,0.071,18.0,36.0,0.99476,3.39,0.56,10.9,0
7.0,0.43,0.3,2.0,0.085,6.0,39.0,0.99346,3.33,0.46,11.9,1
7.1,0.715,0.0,2.35,0.071,21.0,47.0,0.99632,3.29,0.45,9.4,0
5.2,0.34,0.0,1.8,0.05,27.0,63.0,0.9924,3.68,0.79,13.4792,1
7.2,0.67,0.0,2.2,0.068,10.0,24.0,0.9956,3.42,0.72,11.1,1
6.3,0.6,0.1,1.6,0.048,12.0,26.0,0.99306,3.55,0.51,12.1,0
10.2,0.4,0.4,2.5,0.068,41.0,54.0,0.99754,3.38,0.86,10.5,1
10.0,0.26,0.54,1.9,0.083,42.0,74.0,0.99451,2.98,0.63,11.8,1
10.1,0.31,0.44,2.3,0.08,22.0,46.0,0.9988,3.32,0.67,9.7,1
7.7,0.63,0.08,1.9,0.076,15.0,27.0,0.9967,3.32,0.54,9.5,1
7.6,0.645,0.03,1.9,0.086,14.0,57.0,0.9969,3.37,0.46,10.3,0
8.3,0.33,0.42,2.3,0.07,9.0,20.0,0.99426,3.38,0.77,12.7,1
5.1,0.585,0.0,1.7,0.044,14.0,86.0,0.99264,3.56,0.94,12.9,1
9.7,0.295,0.4,1.5,0.073,14.0,21.0,0.99556,3.14,0.51,10.9,1
9.3,0.48,0.29,2.1,0.1225,6.0,16.0,0.9968,3.22,0.72,11.2,0
7.0,0.54,0.09,2.0,0.081,10.0,16.0,0.99479,3.43,0.59,11.5,1
6.5,0.52,0.11,1.8,0.073,13.0,38.0,0.9955,3.34,0.52,9.3,0
7.1,0.34,0.28,2.0,0.082,31.0,68.0,0.99694,3.45,0.48,9.4,0
10.4,0.26,0.48,1.9,0.066,6.0,10.0,0.99724,3.33,0.87,10.9,1
8.3,0.28,0.48,2.1,0.093,6.0,12.0,0.99408,3.26,0.62,12.4,1
6.4,0.57,0.12,2.3,0.12,25.0,36.0,0.99519,3.47,0.71,11.3,1
5.6,0.5,0.09,2.3,0.049,17.0,99.0,0.9937,3.63,0.63,13.0,0
9.0,0.4,0.41,2.0,0.058,15.0,40.0,0.99414,3.22,0.6,12.2,1
7.5,0.65,0.18,3.65,0.088,27.0,94.0,0.99915,3.38,0.77,9.4,0
10.7,0.4,0.37,1.9,0.081,17.0,29.0,0.99674,3.12,0.65,11.2,1
9.7,0.66,0.34,2.6,0.094,12.0,88.0,0.99796,3.26,0.66,10.1,0
9.9,0.57,0.25,2.0,0.104,12.0,89.0,0.9963,3.04,0.9,10.1,0
11.1,0.31,0.53,2.2,0.06,3.0,10.0,0.99572,3.02,0.83,10.9,1
6.6,0.52,0.08,2.4,0.07,13.0,26.0,0.99358,3.4,0.72,12.5,1
6.5,0.53,0.06,2.0,0.063,29.0,44.0,0.99489,3.38,0.83,10.3,1
11.6,0.475,0.4,1.4,0.091,6.0,28.0,0.99704,3.07,0.65,10.0333333333333,1
7.3,0.73,0.24,1.9,0.108,18.0,102.0,0.9967,3.26,0.59,9.3,0
7.0,0.54,0.0,2.1,0.079,39.0,55.0,0.9956,3.39,0.84,11.4,1
6.9,0.58,0.01,1.9,0.08,40.0,54.0,0.99683,3.4,0.73,9.7,0
11.4,0.36,0.69,2.1,0.09,6.0,21.0,1.0,3.17,0.62,9.2,1
6.5,0.88,0.03,3.65,0.079,23.0,47.0,0.99572,3.58,0.5,11.2,0
10.1,0.45,0.23,1.9,0.082,10.0,18.0,0.99774,3.22,0.65,9.3,1
7.9,0.52,0.26,1.9,0.079,42.0,124.5,0.9964,3.23,0.54,9.5,0
8.3,0.54,0.28,1.9,0.077,11.0,40.0,0.9978,3.39,0.61,10.0,1
8.2,0.57,0.26,2.2,0.06,28.0,65.0,0.9959,3.3,0.43,10.1,0
6.7,0.75,0.01,2.4,0.078,17.0,32.0,0.9955,3.55,0.61,12.8,1
6.1,0.59,0.01,2.1,0.056,5.0,13.0,0.99472,3.52,0.56,11.4,0
10.6,0.31,0.49,2.5,0.067,6.0,21.0,0.9987,3.26,0.86,10.7,1
9.6,0.54,0.42,2.4,0.081,25.0,52.0,0.997,3.2,0.71,11.4,1
7.1,0.59,0.0,2.2,0.078,26.0,44.0,0.99522,3.42,0.68,10.8,1
8.7,0.82,0.02,1.2,0.07,36.0,48.0,0.9952,3.2,0.58,9.8,0
6.9,0.63,0.02,1.9,0.078,18.0,30.0,0.99712,3.4,0.75,9.8,0
7.1,0.62,0.06,1.3,0.07,5.0,12.0,0.9942,3.17,0.48,9.8,0
8.0,0.59,0.05,2.0,0.089,12.0,32.0,0.99735,3.36,0.61,10.0,0
9.4,0.685,0.11,2.7,0.077,6.0,31.0,0.9984,3.19,0.7,10.1,1
7.3,0.48,0.32,2.1,0.062,31.0,54.0,0.99728,3.3,0.65,10.0,1
7.2,0.57,0.06,1.6,0.076,9.0,27.0,0.9972,3.36,0.7,9.6,1
12.1,0.645,0.49,3.65,0.095,10.0,23.0,1.0011,2.925,0.74,11.1,0
6.8,0.815,0.0,1.2,0.1225,16.0,29.0,0.99471,3.32,0.51,9.8,0
7.7,0.27,0.68,3.5,0.1225,5.0,10.0,0.9972,3.25,0.9955,9.9,1
10.9,0.39,0.47,1.8,0.118,6.0,14.0,0.9982,3.3,0.75,9.8,1
8.5,0.655,0.49,3.65,0.122,34.0,124.5,1.001,3.31,0.9955,9.3,0
8.7,0.48,0.3,2.8,0.066,10.0,28.0,0.9964,3.33,0.67,11.2,1
7.6,0.41,0.24,1.8,0.08,4.0,11.0,0.9962,3.28,0.59,9.5,0
7.1,0.31,0.3,2.2,0.053,36.0,124.5,0.9965,2.94,0.9955,9.5,0
7.3,0.74,0.08,1.7,0.094,10.0,45.0,0.99576,3.24,0.5,9.8,0
7.7,0.61,0.18,2.4,0.083,6.0,20.0,0.9963,3.29,0.6,10.2,1
7.8,0.58,0.02,2.0,0.073,9.0,18.0,0.9968,3.36,0.57,9.5,1
8.9,0.35,0.4,3.6,0.11,12.0,24.0,0.99549,3.23,0.7,12.0,1
12.1,0.49,0.58,3.0,0.103,28.0,99.0,1.0008,3.16,0.9955,11.5,1
6.9,0.84,0.21,3.65,0.074,16.0,65.0,0.99842,3.53,0.72,9.25,1
6.5,0.63,0.33,1.8,0.059,16.0,28.0,0.99531,3.36,0.64,10.1,1
10.8,0.89,0.3,2.6,0.1225,7.0,60.0,0.99786,2.99,0.9955,10.2,0
11.1,0.44,0.42,2.2,0.064,14.0,19.0,0.99758,3.25,0.57,10.4,1
8.3,0.85,0.14,2.5,0.093,13.0,54.0,0.99724,3.36,0.54,10.1,0
7.3,0.55,0.01,1.8,0.093,9.0,15.0,0.99514,3.35,0.58,11.0,1
8.6,0.685,0.1,1.6,0.092,3.0,12.0,0.99745,3.31,0.65,9.55,1
8.7,0.69,0.0,3.2,0.084,13.0,33.0,0.9992,3.36,0.45,9.4,0
8.7,0.69,0.31,3.0,0.086,23.0,81.0,1.0002,3.48,0.74,11.6,1
5.9,0.645,0.12,2.0,0.075,32.0,44.0,0.99547,3.57,0.71,10.2,0
8.2,0.28,0.4,2.4,0.052,4.0,10.0,0.99356,3.33,0.7,12.8,1
7.1,0.66,0.0,3.65,0.086,17.0,45.0,0.9976,3.46,0.54,9.5,0
11.1,0.42,0.47,2.65,0.085,9.0,34.0,0.99736,3.24,0.77,12.1,1
9.0,0.58,0.25,2.0,0.104,8.0,21.0,0.99769,3.27,0.72,9.6,0
6.5,0.61,0.0,2.2,0.095,42.0,59.0,0.99541,3.61,0.7,11.5,1
7.9,0.4,0.29,1.8,0.1225,1.0,44.0,0.9973,3.3,0.92,9.5,1
6.6,0.96,0.0,1.8,0.082,5.0,16.0,0.9936,3.5,0.44,11.9,1
7.9,0.72,0.01,1.9,0.076,7.0,32.0,0.99668,3.39,0.54,9.6,0
6.6,0.44,0.15,2.1,0.076,22.0,53.0,0.9957,3.32,0.62,9.3,0
9.2,0.56,0.18,1.6,0.078,10.0,21.0,0.99576,3.15,0.49,9.9,0
7.1,0.59,0.01,2.3,0.08,27.0,43.0,0.9955,3.42,0.58,10.7,1
9.9,0.35,0.41,2.3,0.083,11.0,61.0,0.9982,3.21,0.5,9.5,0
8.6,0.49,0.28,1.9,0.11,20.0,124.5,0.9972,2.93,0.9955,9.9,1
9.2,0.59,0.24,3.3,0.101,20.0,47.0,0.9988,3.26,0.67,9.6,0
12.0,0.38,0.56,2.1,0.093,6.0,24.0,0.99925,3.14,0.71,10.9,1
7.7,0.39,0.12,1.7,0.097,19.0,27.0,0.99596,3.16,0.49,9.4,0
6.8,0.6,0.18,1.9,0.079,18.0,86.0,0.9968,3.59,0.57,9.3,1
8.3,0.78,0.1,2.6,0.081,42.0,87.0,0.9983,3.48,0.53,10.0,0
7.3,0.38,0.21,2.0,0.08,7.0,35.0,0.9961,3.33,0.47,9.5,0
8.5,0.585,0.18,2.1,0.078,5.0,30.0,0.9967,3.2,0.48,9.8,1
8.8,0.46,0.45,2.6,0.065,7.0,18.0,0.9947,3.32,0.79,13.4792,1
6.7,0.675,0.07,2.4,0.089,17.0,82.0,0.9958,3.35,0.54,10.1,0
5.6,0.66,0.0,2.2,0.087,3.0,11.0,0.99378,3.685,0.63,12.8,1
12.1,0.47,0.49,3.65,0.085,6.0,47.0,1.0011,3.3,0.68,12.7,1
9.8,0.44,0.47,2.5,0.063,9.0,28.0,0.9981,3.24,0.65,10.8,1
7.5,0.38,0.48,2.6,0.073,22.0,84.0,0.9972,3.32,0.7,9.6,0
8.0,0.6,0.22,2.1,0.08,25.0,105.0,0.99613,3.3,0.49,9.9,0
5.6,0.915,0.0,2.1,0.041,17.0,78.0,0.99346,3.68,0.73,11.4,0
8.4,0.25,0.39,2.0,0.041,4.0,10.0,0.99386,3.27,0.71,12.5,1
7.4,0.55,0.19,1.8,0.082,15.0,34.0,0.99655,3.49,0.68,10.5,0
9.0,0.69,0.0,2.4,0.088,19.0,38.0,0.999,3.35,0.6,9.3,0
7.8,0.61,0.29,1.6,0.114,9.0,29.0,0.9974,3.26,0.9955,9.1,0
7.3,0.49,0.1,2.6,0.068,4.0,14.0,0.99562,3.3,0.47,10.5,0
8.3,0.58,0.13,2.9,0.096,14.0,63.0,0.9984,3.17,0.62,9.1,1
10.3,0.5,0.42,2.0,0.069,21.0,51.0,0.9982,3.16,0.72,11.5,1
8.1,0.38,0.28,2.1,0.066,13.0,30.0,0.9968,3.23,0.73,9.7,1
7.0,0.49,0.49,3.65,0.06,26.0,121.0,0.9974,3.34,0.76,10.5,0
6.6,0.7,0.08,2.6,0.106,14.0,27.0,0.99665,3.44,0.58,10.2,0
8.8,0.3,0.38,2.3,0.06,19.0,72.0,0.99543,3.39,0.72,11.8,1
6.2,0.65,0.06,1.6,0.05,6.0,18.0,0.99348,3.57,0.54,11.95,0
8.8,0.4,0.4,2.2,0.079,19.0,52.0,0.998,3.44,0.64,9.2,0
7.6,0.51,0.24,2.4,0.091,8.0,38.0,0.998,3.47,0.66,9.6,1
11.2,0.67,0.55,2.3,0.084,6.0,13.0,1.0,3.17,0.71,9.5,1
9.1,0.795,0.0,2.6,0.096,11.0,26.0,0.9994,3.35,0.83,9.4,1
9.6,0.41,0.37,2.3,0.091,10.0,23.0,0.99786,3.24,0.56,10.5,0
8.4,0.36,0.32,2.2,0.081,32.0,79.0,0.9964,3.3,0.72,11.0,1
7.3,0.34,0.33,2.5,0.064,21.0,37.0,0.9952,3.35,0.77,12.1,1
7.4,0.5,0.47,2.0,0.086,21.0,73.0,0.997,3.36,0.57,9.1,0
7.7,0.54,0.26,1.9,0.089,23.0,124.5,0.99636,3.26,0.59,9.7,0
5.9,0.46,0.0,1.9,0.077,25.0,44.0,0.99385,3.5,0.53,11.2,0
10.6,0.36,0.6,2.2,0.1225,7.0,18.0,0.9986,3.04,0.9955,9.4,0
7.2,0.65,0.02,2.3,0.094,5.0,31.0,0.9993,3.67,0.8,9.7,0
8.4,0.715,0.2,2.4,0.076,10.0,38.0,0.99735,3.31,0.64,9.4,0
8.9,0.62,0.19,3.65,0.1225,42.0,124.5,0.9986,3.17,0.93,9.2,0
7.9,0.32,0.51,1.8,0.1225,17.0,56.0,0.9969,3.04,0.9955,9.2,1
11.1,0.39,0.54,2.7,0.095,21.0,101.0,1.0001,3.13,0.51,9.5,0
7.1,0.56,0.14,1.6,0.078,7.0,18.0,0.99592,3.27,0.62,9.3,0
7.8,0.41,0.68,1.7,0.1225,18.0,69.0,0.9973,3.08,0.9955,9.3,0
12.1,0.53,0.79,3.65,0.12,23.0,77.0,1.0011,3.18,0.77,13.0,0
9.1,0.36,0.39,1.8,0.06,21.0,55.0,0.99495,3.18,0.82,11.0,1
8.2,0.6,0.17,2.3,0.072,11.0,73.0,0.9963,3.2,0.45,9.3,0
6.4,0.56,0.15,1.8,0.078,17.0,65.0,0.99294,3.33,0.6,10.5,1
8.0,0.5,0.39,2.6,0.082,12.0,46.0,0.9985,3.43,0.62,10.7,1
7.8,0.6,0.14,2.4,0.086,3.0,15.0,0.9975,3.42,0.6,10.8,1
7.3,0.67,0.02,2.2,0.072,31.0,92.0,0.99566,3.32,0.68,11.1,1
8.1,0.29,0.36,2.2,0.048,35.0,53.0,0.995,3.27,0.9955,12.4,1
7.1,0.53,0.07,1.7,0.071,15.0,24.0,0.9951,3.29,0.66,10.8,1
5.0,0.38,0.01,1.6,0.048,26.0,60.0,0.9924,3.685,0.75,13.4792,1
8.2,0.7,0.23,2.0,0.099,14.0,81.0,0.9973,3.19,0.7,9.4,0
10.7,0.35,0.53,2.6,0.07,5.0,16.0,0.9972,3.15,0.65,11.0,1
8.1,0.575,0.22,2.1,0.077,12.0,65.0,0.9967,3.29,0.51,9.2,0
10.4,0.43,0.5,2.3,0.068,13.0,19.0,0.996,3.1,0.87,11.4,1
7.6,0.41,0.14,3.0,0.087,21.0,43.0,0.9964,3.32,0.57,10.5,1
7.6,0.35,0.6,2.6,0.073,23.0,44.0,0.99656,3.38,0.79,11.1,1
6.0,0.51,0.0,2.1,0.064,40.0,54.0,0.995,3.54,0.93,10.7,1
8.3,0.625,0.2,1.5,0.08,27.0,119.0,0.9972,3.16,0.9955,9.1,0
7.4,0.35,0.33,2.4,0.068,9.0,26.0,0.9947,3.36,0.6,11.9,1
10.0,0.35,0.45,2.5,0.092,20.0,88.0,0.99918,3.15,0.43,9.4,0
6.9,0.41,0.33,2.2,0.081,22.0,36.0,0.9949,3.41,0.75,11.1,1
10.2,0.36,0.64,2.9,0.122,10.0,41.0,0.998,3.23,0.66,12.5,1
7.8,0.53,0.04,1.7,0.076,17.0,31.0,0.9964,3.33,0.56,10.0,1
8.9,0.5,0.21,2.2,0.088,21.0,39.0,0.99692,3.33,0.83,11.1,1
7.3,0.69,0.32,2.2,0.069,35.0,104.0,0.99632,3.33,0.51,9.5,0
7.2,0.61,0.08,3.65,0.082,26.0,108.0,0.99641,3.25,0.51,9.4,0
7.2,0.34,0.21,2.5,0.075,41.0,68.0,0.99586,3.37,0.54,10.1,1
9.0,0.62,0.04,1.9,0.1225,27.0,90.0,0.9984,3.16,0.7,9.4,0
5.2,0.32,0.25,1.8,0.103,13.0,50.0,0.9957,3.38,0.55,9.2,0
8.9,0.635,0.37,1.7,0.1225,5.0,62.0,0.9971,3.0,0.9955,9.3,0
9.4,0.395,0.46,3.65,0.094,3.0,10.0,0.99639,3.27,0.64,12.2,1
10.0,0.29,0.4,2.9,0.098,10.0,26.0,1.0006,3.48,0.91,9.7,0
8.1,0.66,0.22,2.2,0.069,9.0,23.0,0.9968,3.3,0.9955,10.3,0
8.6,0.49,0.29,2.0,0.11,19.0,124.5,0.9972,2.93,0.9955,9.8,0
7.2,0.38,0.3,1.8,0.073,31.0,70.0,0.99685,3.42,0.59,9.5,1
7.2,0.41,0.3,2.1,0.083,35.0,72.0,0.997,3.44,0.52,9.4,0
7.1,0.43,0.17,1.8,0.082,27.0,51.0,0.99634,3.49,0.64,10.4,0
8.5,0.34,0.44,1.7,0.079,6.0,12.0,0.99605,3.52,0.63,10.7,0
6.6,0.5,0.01,1.5,0.06,17.0,26.0,0.9952,3.4,0.58,9.8,1
6.1,0.38,0.15,1.8,0.072,6.0,19.0,0.9955,3.42,0.57,9.4,0
8.8,0.41,0.64,2.2,0.093,9.0,42.0,0.9986,3.54,0.66,10.5,0
8.0,0.67,0.3,2.0,0.06,38.0,62.0,0.9958,3.26,0.56,10.2,1
10.0,0.69,0.11,1.4,0.084,8.0,24.0,0.99578,2.925,0.47,9.7,0
7.5,0.52,0.4,2.2,0.06,12.0,20.0,0.99474,3.26,0.64,11.8,1
8.2,1.015,0.0,1.7,0.081,3.0,12.0,0.9964,3.53,0.49,10.9,0
10.4,0.24,0.46,1.8,0.075,6.0,21.0,0.9976,3.25,0.9955,10.8,1
5.5,0.49,0.03,1.8,0.044,28.0,87.0,0.9924,3.5,0.82,13.4792,1
9.0,0.785,0.24,1.7,0.078,10.0,21.0,0.99692,3.29,0.67,10.0,0
10.8,0.45,0.33,2.5,0.099,20.0,38.0,0.99818,3.24,0.71,10.8,0
7.5,0.31,0.41,2.4,0.065,34.0,60.0,0.99492,3.34,0.85,11.4,1
6.9,0.74,0.03,2.3,0.054,7.0,16.0,0.99508,3.45,0.63,11.5,1
8.3,0.66,0.15,1.9,0.079,17.0,42.0,0.9972,3.31,0.54,9.6,1
8.8,0.52,0.34,2.7,0.087,24.0,122.0,0.9982,3.26,0.61,9.5,0
12.1,0.615,0.66,3.65,0.083,7.0,42.0,1.0011,3.07,0.73,10.0,1
10.0,0.49,0.2,3.65,0.071,13.0,50.0,1.0011,3.16,0.69,9.2,1
7.8,0.63,0.48,1.7,0.1,14.0,96.0,0.9961,3.19,0.62,9.5,0
10.2,0.44,0.42,2.0,0.071,7.0,20.0,0.99566,3.14,0.79,11.1,1
10.7,0.52,0.38,2.6,0.066,29.0,56.0,0.99577,3.15,0.79,12.1,1
10.8,0.26,0.45,3.3,0.06,20.0,49.0,0.9972,3.13,0.54,9.6,0
8.8,0.61,0.14,2.4,0.067,10.0,42.0,0.9969,3.19,0.59,9.5,0
6.1,0.48,0.09,1.7,0.078,18.0,30.0,0.99402,3.45,0.54,11.2,1
6.0,0.33,0.32,3.65,0.054,6.0,113.0,0.99572,3.3,0.56,11.5,0
10.6,0.36,0.59,2.2,0.1225,6.0,18.0,0.9986,3.04,0.9955,9.4,0
7.2,0.48,0.07,3.65,0.089,10.0,18.0,0.99684,3.37,0.68,11.2,1
10.2,0.29,0.65,2.4,0.075,6.0,17.0,0.99565,3.22,0.63,11.8,1
7.0,0.6,0.12,2.2,0.083,13.0,28.0,0.9966,3.52,0.62,10.2,1
7.8,0.34,0.37,2.0,0.082,24.0,58.0,0.9964,3.34,0.59,9.4,1
7.4,1.015,0.0,3.65,0.097,5.0,14.0,0.9966,3.63,0.54,10.7,0
7.8,0.54,0.26,2.0,0.088,23.0,48.0,0.9981,3.41,0.74,9.2,1
7.1,0.84,0.02,3.65,0.096,5.0,13.0,0.997,3.41,0.57,11.0,0
8.5,0.46,0.31,2.25,0.078,32.0,58.0,0.998,3.33,0.54,9.8,0
7.3,0.44,0.2,1.6,0.049,24.0,64.0,0.9935,3.38,0.57,11.7,1
7.2,0.62,0.01,2.3,0.065,8.0,46.0,0.99332,3.32,0.51,11.8,1
9.9,0.59,0.07,3.4,0.102,32.0,71.0,1.00015,3.31,0.71,9.8,0
6.8,0.64,0.03,2.3,0.075,14.0,31.0,0.99545,3.36,0.58,10.4,1
7.6,0.74,0.0,1.9,0.1,6.0,12.0,0.99521,3.36,0.59,11.0,0
6.9,1.015,0.06,2.1,0.061,12.0,31.0,0.9948,3.51,0.43,11.4,0
8.6,0.8,0.11,2.3,0.084,12.0,31.0,0.9979,3.4,0.48,9.9,0
7.6,0.46,0.11,2.6,0.079,12.0,49.0,0.9968,3.21,0.57,10.0,0
7.4,0.635,0.1,2.4,0.08,16.0,33.0,0.99736,3.58,0.69,10.8,1
6.7,0.48,0.02,2.2,0.08,36.0,111.0,0.99524,3.1,0.53,9.7,0
7.6,0.43,0.31,2.1,0.069,13.0,74.0,0.9958,3.26,0.54,9.9,1
10.2,0.33,0.46,1.9,0.081,6.0,9.0,0.99628,3.1,0.48,10.4,1
8.0,0.39,0.3,1.9,0.074,32.0,84.0,0.99717,3.39,0.61,9.0,0
6.5,0.34,0.27,2.8,0.067,8.0,44.0,0.99384,3.21,0.56,12.0,1
10.4,0.38,0.46,2.1,0.104,6.0,10.0,0.99664,3.12,0.65,11.8,1
7.7,0.26,0.26,2.0,0.052,19.0,77.0,0.9951,3.15,0.79,10.9,1
7.5,0.725,0.04,1.5,0.076,8.0,15.0,0.99508,3.26,0.53,9.6,0
8.2,0.32,0.42,2.3,0.098,3.0,9.0,0.99506,3.27,0.55,12.3,1
5.4,0.42,0.27,2.0,0.092,23.0,55.0,0.99471,3.685,0.64,12.3,1
5.6,0.62,0.03,1.5,0.08,6.0,13.0,0.99498,3.66,0.62,10.1,0
7.7,0.75,0.27,3.65,0.11,34.0,89.0,0.99664,3.24,0.45,9.3,0
6.0,0.64,0.05,1.9,0.066,9.0,17.0,0.99496,3.52,0.78,10.6,0
4.6,0.52,0.15,2.1,0.054,8.0,65.0,0.9934,3.685,0.56,13.1,0
6.4,0.53,0.09,3.65,0.1225,14.0,31.0,0.9968,3.5,0.67,11.0,0
7.2,0.415,0.36,2.0,0.081,13.0,45.0,0.9972,3.48,0.64,9.2,0
6.2,0.7,0.15,3.65,0.076,13.0,27.0,0.99622,3.54,0.6,11.9,1
9.5,0.46,0.24,2.7,0.092,14.0,44.0,0.998,3.12,0.74,10.0,1
7.4,0.62,0.05,1.9,0.068,24.0,42.0,0.9961,3.42,0.57,11.5,1
12.1,0.46,0.63,2.0,0.071,6.0,15.0,0.9988,2.99,0.87,10.2,0
11.2,0.28,0.56,1.9,0.075,17.0,60.0,0.998,3.16,0.58,9.8,1
10.0,0.42,0.5,3.4,0.107,7.0,21.0,0.9979,3.26,0.93,11.8,1
5.8,0.68,0.02,1.8,0.087,21.0,94.0,0.9944,3.54,0.52,10.0,0
12.1,0.35,0.49,3.65,0.066,5.0,35.0,1.0011,3.2,0.66,12.0,1
7.8,0.64,0.1,3.65,0.115,5.0,11.0,0.9984,3.37,0.69,10.1,1
6.7,0.75,0.12,2.0,0.086,12.0,80.0,0.9958,3.38,0.52,10.1,0
6.7,0.42,0.27,3.65,0.068,24.0,124.5,0.9948,3.16,0.57,11.3,1
11.6,0.53,0.66,3.65,0.121,6.0,14.0,0.9978,3.05,0.74,11.5,1
6.6,0.5,0.0,1.8,0.062,21.0,28.0,0.99352,3.44,0.55,12.3,1
5.8,0.29,0.26,1.7,0.063,3.0,11.0,0.9924,3.39,0.54,13.4792,1
8.2,0.78,0.0,2.2,0.089,13.0,26.0,0.9978,3.37,0.46,9.6,0
7.7,0.28,0.3,2.0,0.062,18.0,34.0,0.9952,3.28,0.9,11.3,1
7.5,0.5,0.36,3.65,0.071,17.0,102.0,0.9978,3.35,0.8,10.5,0
6.6,0.58,0.0,2.2,0.1,42.0,63.0,0.99544,3.59,0.68,11.4,1
7.2,0.25,0.37,2.5,0.063,11.0,41.0,0.99439,3.52,0.8,12.4,1
7.7,0.43,0.25,2.6,0.073,29.0,63.0,0.99615,3.37,0.58,10.5,1
7.4,0.58,0.0,2.0,0.064,7.0,11.0,0.99562,3.45,0.58,11.3,1
7.7,0.69,0.05,2.7,0.075,15.0,27.0,0.9974,3.26,0.61,9.1,0
6.9,0.49,0.1,2.3,0.074,12.0,30.0,0.9959,3.42,0.58,10.2,1
8.3,0.49,0.36,1.8,0.1225,6.0,16.0,0.998,3.18,0.6,9.5,1
12.1,0.39,0.49,2.5,0.08,8.0,20.0,0.9992,3.07,0.82,10.3,1
8.5,0.28,0.35,1.7,0.061,6.0,15.0,0.99524,3.3,0.74,11.8,1
9.3,0.39,0.44,2.1,0.107,34.0,124.5,0.9978,3.14,0.9955,9.5,0
8.4,0.62,0.12,1.8,0.072,38.0,46.0,0.99504,3.38,0.89,11.8,1
7.2,0.52,0.07,1.4,0.074,5.0,20.0,0.9973,3.32,0.81,9.6,1
8.2,0.38,0.32,2.5,0.08,24.0,71.0,0.99624,3.27,0.85,11.0,1
7.6,0.39,0.31,2.3,0.082,23.0,71.0,0.9982,3.52,0.65,9.7,0
6.4,0.57,0.14,3.65,0.07,27.0,73.0,0.99669,3.32,0.48,9.2,0
7.1,0.35,0.29,2.5,0.096,20.0,53.0,0.9962,3.42,0.65,11.0,1
9.4,0.615,0.28,3.2,0.087,18.0,72.0,1.0001,3.31,0.53,9.7,0
7.9,0.29,0.49,2.2,0.096,21.0,59.0,0.99714,3.31,0.67,10.1,1
7.4,0.25,0.29,2.2,0.054,19.0,49.0,0.99666,3.4,0.76,10.9,1
12.1,0.46,0.49,3.65,0.07,26.0,49.0,0.9981,3.05,0.57,9.6,0
7.0,0.975,0.04,2.0,0.087,12.0,67.0,0.99565,3.35,0.6,9.4,0
7.0,0.4,0.32,3.6,0.061,9.0,29.0,0.99416,3.28,0.49,11.3,1
7.8,0.545,0.12,2.5,0.068,11.0,35.0,0.996,3.34,0.61,11.6,1
5.6,0.85,0.05,1.4,0.045,12.0,88.0,0.9924,3.56,0.82,12.9,1
7.9,0.18,0.4,1.8,0.062,7.0,20.0,0.9941,3.28,0.7,11.1,0
7.9,0.37,0.23,1.8,0.077,23.0,49.0,0.9963,3.28,0.67,9.3,0
9.1,0.52,0.33,1.3,0.07,9.0,30.0,0.9978,3.24,0.6,9.3,0
8.1,0.73,0.0,2.5,0.081,12.0,24.0,0.99798,3.38,0.46,9.6,0
6.6,0.5,0.04,2.1,0.068,6.0,14.0,0.9955,3.39,0.64,9.4,1
7.4,0.29,0.38,1.7,0.062,9.0,30.0,0.9968,3.41,0.53,9.5,1
11.6,0.42,0.53,3.3,0.105,33.0,98.0,1.001,3.2,0.95,9.2,0
7.2,0.49,0.18,2.7,0.069,13.0,34.0,0.9967,3.29,0.48,9.2,1
7.5,0.58,0.56,3.1,0.1225,5.0,14.0,0.99476,3.21,0.9955,11.6,1
9.8,0.51,0.19,3.2,0.081,8.0,30.0,0.9984,3.23,0.58,10.5,1
5.0,1.015,0.04,1.4,0.045,41.0,85.0,0.9938,3.685,0.48,10.5,0
8.8,0.33,0.41,3.65,0.073,7.0,13.0,0.99658,3.3,0.62,12.1,1
5.6,0.31,0.37,1.4,0.074,12.0,96.0,0.9954,3.32,0.58,9.2,0
8.4,0.62,0.09,2.2,0.084,11.0,108.0,0.9964,3.15,0.66,9.8,0
6.7,0.54,0.13,2.0,0.076,15.0,36.0,0.9973,3.61,0.64,9.8,0
7.8,0.5,0.17,1.6,0.082,21.0,102.0,0.996,3.39,0.48,9.5,0
9.0,0.38,0.41,2.4,0.103,6.0,10.0,0.99604,3.13,0.58,11.9,1
6.9,0.57,0.0,2.8,0.081,21.0,41.0,0.99518,3.41,0.52,10.8,0
6.9,0.765,0.02,2.3,0.063,35.0,63.0,0.9975,3.57,0.78,9.9,0
10.9,0.53,0.49,3.65,0.118,10.0,17.0,1.0002,3.07,0.56,11.7,1
6.2,0.6,0.08,2.0,0.09,32.0,44.0,0.9949,3.45,0.58,10.5,0
12.1,0.48,0.54,2.6,0.085,19.0,64.0,1.0,3.1,0.61,10.5,1
7.8,0.48,0.68,1.7,0.1225,14.0,32.0,0.99656,3.09,0.9955,9.1,1
7.9,0.49,0.32,1.9,0.082,17.0,124.5,0.9968,3.2,0.55,9.5,0
7.7,0.58,0.1,1.8,0.102,28.0,109.0,0.99565,3.08,0.49,9.8,1
9.1,0.4,0.57,3.65,0.08,6.0,20.0,0.99652,3.28,0.57,12.5,1
4.9,0.42,0.0,2.1,0.048,16.0,42.0,0.9924,3.685,0.74,13.4792,1
9.1,0.6,0.0,1.9,0.058,5.0,10.0,0.9977,3.18,0.63,10.4,1
6.8,0.64,0.0,2.7,0.1225,15.0,33.0,0.99538,3.44,0.63,11.3,1
7.1,0.59,0.02,2.3,0.082,24.0,94.0,0.99744,3.55,0.53,9.7,1
8.0,0.62,0.33,2.7,0.088,16.0,37.0,0.9972,3.31,0.58,10.7,1
6.9,0.67,0.06,2.1,0.08,8.0,33.0,0.99845,3.68,0.71,9.6,0
8.2,0.34,0.38,2.5,0.08,12.0,57.0,0.9978,3.3,0.47,9.0,1
6.9,0.55,0.15,2.2,0.076,19.0,40.0,0.9961,3.41,0.59,10.1,0
8.6,0.33,0.4,2.6,0.083,16.0,68.0,0.99782,3.3,0.48,9.4,0
7.1,0.875,0.05,3.65,0.082,3.0,14.0,0.99808,3.4,0.52,10.2,0
12.1,0.46,0.52,2.2,0.071,12.0,35.0,1.0006,3.1,0.56,9.0,1
9.0,0.82,0.05,2.4,0.081,26.0,96.0,0.99814,3.36,0.53,10.0,0
7.4,0.52,0.13,2.4,0.078,34.0,61.0,0.99528,3.43,0.59,10.8,1
7.6,0.3,0.42,2.0,0.052,6.0,24.0,0.9963,3.44,0.82,11.9,1
9.5,0.46,0.49,3.65,0.064,5.0,17.0,0.9988,3.21,0.73,11.0,1
10.6,0.34,0.49,3.2,0.078,20.0,78.0,0.9992,3.19,0.7,10.0,1
10.4,0.61,0.49,2.1,0.1225,5.0,16.0,0.9994,3.16,0.63,8.4,0
9.6,0.68,0.24,2.2,0.087,5.0,28.0,0.9988,3.14,0.6,10.2,0
9.2,0.41,0.5,2.5,0.055,12.0,25.0,0.9952,3.34,0.79,13.3,1
7.0,0.69,0.07,2.5,0.091,15.0,21.0,0.99572,3.38,0.6,11.3,1
7.2,0.62,0.06,2.7,0.077,15.0,85.0,0.99746,3.51,0.54,9.5,0
9.9,0.54,0.45,2.3,0.071,16.0,40.0,0.9991,3.39,0.62,9.4,0
9.6,0.33,0.52,2.2,0.074,13.0,25.0,0.99509,3.36,0.76,12.4,1
11.2,0.4,0.5,2.0,0.099,19.0,50.0,0.99783,3.1,0.58,10.4,0
9.7,0.55,0.17,2.9,0.087,20.0,53.0,1.0004,3.14,0.61,9.4,0
9.8,0.98,0.32,2.3,0.078,35.0,124.5,0.998,3.25,0.48,9.4,0
11.5,0.41,0.52,3.0,0.08,29.0,55.0,1.0001,3.26,0.88,11.0,0
12.0,0.37,0.76,3.65,0.066,7.0,38.0,1.0004,3.22,0.6,13.0,1
10.9,0.37,0.58,3.65,0.071,17.0,65.0,0.99935,3.22,0.78,10.1,0
8.2,0.5,0.35,2.9,0.077,21.0,124.5,0.9976,3.23,0.62,9.4,0
10.0,0.48,0.24,2.7,0.102,13.0,32.0,1.0,3.28,0.56,10.0,1
9.6,0.32,0.47,1.4,0.056,9.0,24.0,0.99695,3.22,0.82,10.3,1
8.0,0.33,0.53,2.5,0.091,18.0,80.0,0.9976,3.37,0.8,9.6,1
9.4,0.27,0.53,2.4,0.074,6.0,18.0,0.9962,3.2,0.9955,12.0,1
7.1,0.735,0.16,1.9,0.1,15.0,77.0,0.9966,3.27,0.64,9.3,0
7.1,0.39,0.12,2.1,0.065,14.0,24.0,0.99252,3.3,0.53,13.3,1
7.5,0.52,0.11,1.5,0.079,11.0,39.0,0.9968,3.42,0.58,9.6,0
7.0,0.69,0.0,1.9,0.114,3.0,10.0,0.99636,3.35,0.6,9.7,1
7.6,0.79,0.21,2.3,0.087,21.0,68.0,0.9955,3.12,0.44,9.2,0
7.1,0.59,0.0,2.1,0.091,9.0,14.0,0.99488,3.42,0.55,11.5,1
12.0,0.63,0.5,1.4,0.071,6.0,26.0,0.99791,3.07,0.6,10.4,0
11.3,0.62,0.67,3.65,0.086,6.0,19.0,0.9988,3.22,0.69,13.4,1
11.1,0.35,0.48,3.1,0.09,5.0,21.0,0.9986,3.17,0.53,10.5,0
6.6,0.695,0.0,2.1,0.075,12.0,56.0,0.9968,3.49,0.67,9.2,0
12.1,0.41,0.54,2.8,0.103,19.0,41.0,0.99939,3.21,0.76,11.3,1
8.4,0.745,0.11,1.9,0.09,16.0,63.0,0.9965,3.19,0.82,9.6,0
7.9,0.24,0.4,1.6,0.056,11.0,25.0,0.9967,3.32,0.87,8.7,1
7.4,0.965,0.0,2.2,0.088,16.0,32.0,0.99756,3.58,0.67,10.2,0
9.1,0.37,0.32,2.1,0.064,4.0,15.0,0.99576,3.3,0.8,11.2,1
12.1,0.36,0.65,3.65,0.096,22.0,71.0,0.9976,2.98,0.84,13.4792,0
8.6,0.49,0.51,2.0,0.1225,16.0,62.0,0.9979,3.03,0.9955,9.0,0
7.7,0.26,0.3,1.7,0.059,20.0,38.0,0.9949,3.29,0.47,10.8,1
7.9,0.34,0.36,1.9,0.065,5.0,10.0,0.99419,3.27,0.54,11.2,1
9.0,0.4,0.43,2.4,0.068,29.0,46.0,0.9943,3.2,0.6,12.2,1
7.2,0.37,0.32,2.0,0.062,15.0,28.0,0.9947,3.23,0.73,11.3,1
8.2,0.51,0.24,2.0,0.079,16.0,86.0,0.99764,3.34,0.64,9.5,1
8.1,0.725,0.22,2.2,0.072,11.0,41.0,0.9967,3.36,0.55,9.1,0
7.2,0.66,0.03,2.3,0.078,16.0,86.0,0.99743,3.53,0.57,9.7,0
7.0,0.685,0.0,1.9,0.099,9.0,22.0,0.99606,3.34,0.6,9.7,0
7.3,0.32,0.23,2.3,0.066,35.0,70.0,0.99588,3.43,0.62,10.1,0
7.8,0.5,0.09,2.2,0.115,10.0,42.0,0.9971,3.18,0.62,9.5,0
6.2,0.39,0.43,2.0,0.071,14.0,24.0,0.99428,3.45,0.87,11.2,1
11.7,0.49,0.49,2.2,0.083,5.0,15.0,1.0,3.19,0.43,9.2,0
7.1,0.27,0.6,2.1,0.074,17.0,25.0,0.99814,3.38,0.72,10.6,1
6.3,1.015,0.0,2.0,0.083,17.0,24.0,0.99437,3.59,0.55,11.2,0
6.6,0.735,0.02,3.65,0.122,42.0,124.0,0.9994,3.47,0.53,9.9,0
9.1,0.775,0.22,2.2,0.079,12.0,48.0,0.9976,3.18,0.51,9.6,0
6.9,0.58,0.2,1.75,0.058,8.0,22.0,0.99322,3.38,0.49,11.7,0
7.6,0.42,0.08,2.7,0.084,15.0,48.0,0.9968,3.21,0.59,10.0,0
10.3,0.53,0.48,2.5,0.063,6.0,25.0,0.9998,3.12,0.59,9.3,1
9.3,0.61,0.26,3.4,0.09,25.0,87.0,0.99975,3.24,0.62,9.7,0
7.4,0.37,0.43,2.6,0.082,18.0,82.0,0.99708,3.33,0.68,9.7,1
8.9,0.59,0.5,2.0,0.1225,27.0,81.0,0.9964,3.04,0.9955,9.5,1
8.2,0.59,0.0,2.5,0.093,19.0,58.0,1.0002,3.5,0.65,9.3,1
8.3,0.76,0.29,3.65,0.075,12.0,16.0,0.9965,3.45,0.68,11.5,1
7.3,0.58,0.3,2.4,0.074,15.0,55.0,0.9968,3.46,0.59,10.2,0
7.2,0.655,0.03,1.8,0.078,7.0,12.0,0.99587,3.34,0.39,9.5,0
7.7,0.6,0.0,2.6,0.055,7.0,13.0,0.99639,3.38,0.56,10.8,0
6.5,0.39,0.23,3.65,0.051,28.0,91.0,0.9952,3.44,0.55,12.1,1
6.7,0.41,0.43,2.8,0.076,22.0,54.0,0.99572,3.42,0.9955,10.6,1
7.9,0.765,0.0,2.0,0.084,9.0,22.0,0.99619,3.33,0.68,10.9,1
7.2,0.66,0.33,2.5,0.068,34.0,102.0,0.99414,3.27,0.78,12.8,1
9.5,0.885,0.27,2.3,0.084,31.0,124.5,0.9978,3.24,0.53,9.4,0
6.6,0.84,0.03,2.3,0.059,32.0,48.0,0.9952,3.52,0.56,12.3,1
9.6,0.6,0.5,2.3,0.079,28.0,71.0,0.9997,3.5,0.57,9.7,0
11.5,0.45,0.5,3.0,0.078,19.0,47.0,1.0003,3.26,0.9955,11.0,1
7.3,0.43,0.24,2.5,0.078,27.0,67.0,0.99648,3.6,0.59,11.1,1
8.0,0.715,0.22,2.3,0.075,13.0,81.0,0.99688,3.24,0.54,9.5,1
6.1,0.6,0.08,1.8,0.071,14.0,45.0,0.99336,3.38,0.54,11.0,0
7.7,0.67,0.23,2.1,0.088,17.0,96.0,0.9962,3.32,0.48,9.5,0
7.0,0.59,0.0,1.7,0.052,3.0,8.0,0.996,3.41,0.47,10.3,0
10.1,0.38,0.5,2.4,0.104,6.0,13.0,0.99643,3.22,0.65,11.6,1
7.3,0.98,0.05,2.1,0.061,20.0,49.0,0.99705,3.31,0.55,9.7,0
8.8,0.47,0.49,2.9,0.085,17.0,110.0,0.9982,3.29,0.6,9.8,0
7.6,0.29,0.49,2.7,0.092,25.0,60.0,0.9971,3.31,0.61,10.1,1
6.9,0.56,0.03,1.5,0.086,36.0,46.0,0.99522,3.53,0.57,10.6,0
8.1,0.53,0.22,2.2,0.078,33.0,89.0,0.99678,3.26,0.46,9.6,1
8.3,0.56,0.22,2.4,0.082,10.0,86.0,0.9983,3.37,0.62,9.5,0
8.1,0.785,0.52,2.0,0.122,37.0,124.5,0.9969,3.21,0.69,9.3,0
12.1,0.38,0.66,2.6,0.088,10.0,41.0,1.001,3.17,0.68,9.8,1
9.9,0.74,0.28,2.6,0.078,21.0,77.0,0.998,3.28,0.51,9.8,0
11.5,0.315,0.54,2.1,0.084,5.0,15.0,0.9987,2.98,0.7,9.2,1
8.0,0.59,0.16,1.8,0.065,3.0,16.0,0.9962,3.42,0.92,10.5,1
7.4,0.36,0.29,2.6,0.087,26.0,72.0,0.99645,3.39,0.68,11.0,0
6.8,0.91,0.06,2.0,0.06,4.0,11.0,0.99592,3.53,0.64,10.9,0
12.0,0.28,0.49,1.9,0.074,10.0,21.0,0.9976,2.98,0.66,9.9,1
6.2,0.51,0.14,1.9,0.056,15.0,34.0,0.99396,3.48,0.57,11.5,1
7.8,0.46,0.26,1.9,0.088,23.0,53.0,0.9981,3.43,0.74,9.2,1
6.6,0.58,0.02,2.4,0.069,19.0,40.0,0.99387,3.38,0.66,12.6,1
6.6,0.64,0.31,3.65,0.083,7.0,49.0,0.99718,3.35,0.68,10.3,0
7.8,0.53,0.01,1.6,0.077,3.0,19.0,0.995,3.16,0.46,9.8,0
6.9,0.765,0.18,2.4,0.1225,5.5,48.0,0.99612,3.4,0.6,10.3,1
8.7,0.765,0.22,2.3,0.064,9.0,42.0,0.9963,3.1,0.55,9.4,0
10.6,0.31,0.49,2.2,0.063,18.0,40.0,0.9976,3.14,0.51,9.8,1
10.0,0.38,0.38,1.6,0.1225,27.0,90.0,0.99914,3.15,0.65,8.5,0
6.0,0.58,0.2,2.4,0.075,15.0,50.0,0.99467,3.58,0.67,12.5,1
9.2,0.43,0.52,2.3,0.083,14.0,23.0,0.9976,3.35,0.61,11.3,1
8.8,0.55,0.04,2.2,0.119,14.0,56.0,0.9962,3.21,0.6,10.9,1
6.8,0.56,0.22,1.8,0.074,15.0,24.0,0.99438,3.4,0.82,11.2,1
8.2,0.28,0.6,3.0,0.104,10.0,22.0,0.99828,3.39,0.68,10.6,0
6.4,0.39,0.33,3.3,0.046,12.0,53.0,0.99294,3.36,0.62,12.2,1
7.1,0.59,0.01,2.5,0.077,20.0,85.0,0.99746,3.55,0.59,9.8,0
5.0,0.4,0.5,3.65,0.046,29.0,80.0,0.9924,3.49,0.66,13.4792,1
7.1,0.46,0.2,1.9,0.077,28.0,54.0,0.9956,3.37,0.64,10.4,1
12.0,0.5,0.59,1.4,0.073,23.0,42.0,0.998,2.925,0.68,10.5,1
6.9,0.36,0.25,2.4,0.098,5.0,16.0,0.9964,3.41,0.6,10.1,1
8.0,0.3,0.63,1.6,0.081,16.0,29.0,0.99588,3.3,0.78,10.8,1
8.4,0.6,0.1,2.2,0.085,14.0,111.0,0.9964,3.15,0.66,9.8,0
11.9,0.43,0.66,3.1,0.109,10.0,23.0,1.0,3.15,0.85,10.4,1
7.6,0.95,0.03,2.0,0.09,7.0,20.0,0.9959,3.2,0.56,9.6,0
6.5,0.9,0.0,1.6,0.052,9.0,17.0,0.99467,3.5,0.63,10.9,1
12.1,0.37,0.55,2.6,0.083,25.0,68.0,0.9995,3.15,0.82,10.4,1
10.4,0.55,0.23,2.7,0.091,18.0,48.0,0.9994,3.22,0.64,10.3,1
11.2,0.66,0.24,2.5,0.085,16.0,53.0,0.9993,3.06,0.72,11.0,1
11.7,0.28,0.47,1.7,0.054,17.0,32.0,0.99686,3.15,0.67,10.6,1
7.1,0.43,0.42,3.65,0.071,28.0,124.5,0.9973,3.42,0.71,10.5,0
6.2,0.45,0.2,1.6,0.069,3.0,15.0,0.9958,3.41,0.56,9.2,0
7.3,0.67,0.05,3.6,0.107,6.0,20.0,0.9972,3.4,0.63,10.1,0
8.4,0.52,0.22,2.7,0.084,4.0,18.0,0.99682,3.26,0.57,9.9,1
8.2,0.31,0.4,2.2,0.058,6.0,10.0,0.99536,3.31,0.68,11.2,1
9.0,0.66,0.17,3.0,0.077,5.0,13.0,0.9976,3.29,0.55,10.4,0
10.6,0.48,0.64,2.2,0.111,6.0,20.0,0.997,3.26,0.66,11.7,1
7.5,0.55,0.24,2.0,0.078,10.0,28.0,0.9983,3.45,0.78,9.5,1
5.6,0.615,0.0,1.6,0.089,16.0,59.0,0.9943,3.58,0.52,9.9,0
6.2,0.36,0.24,2.2,0.095,19.0,42.0,0.9946,3.57,0.57,11.7,1
10.9,0.32,0.52,1.8,0.1225,17.0,44.0,0.99734,3.28,0.77,11.5,1
8.7,0.31,0.46,1.4,0.059,11.0,25.0,0.9966,3.36,0.76,10.1,1
6.3,0.47,0.0,1.4,0.055,27.0,33.0,0.9924,3.45,0.48,12.3,1
7.9,0.33,0.23,1.7,0.077,18.0,45.0,0.99625,3.29,0.65,9.3,0
9.5,0.37,0.52,2.0,0.082,6.0,26.0,0.998,3.18,0.51,9.5,0
7.2,0.725,0.05,3.65,0.086,4.0,11.0,0.9962,3.41,0.39,10.9,0
7.6,0.685,0.23,2.3,0.111,20.0,84.0,0.9964,3.21,0.61,9.3,0
5.2,0.645,0.0,2.15,0.08,15.0,28.0,0.99444,3.685,0.61,12.5,1
11.1,0.31,0.49,2.7,0.094,16.0,47.0,0.9986,3.12,0.9955,10.6,1
7.6,0.54,0.02,1.7,0.085,17.0,31.0,0.99589,3.37,0.51,10.4,1
6.2,0.43,0.22,1.8,0.078,21.0,56.0,0.99633,3.52,0.6,9.5,1
7.7,0.23,0.37,1.8,0.046,23.0,60.0,0.9971,3.41,0.71,12.1,1
8.3,0.615,0.22,2.6,0.087,6.0,19.0,0.9982,3.26,0.61,9.3,0
8.6,0.38,0.36,3.0,0.081,30.0,119.0,0.997,3.2,0.56,9.4,0
6.8,0.51,0.01,2.1,0.074,9.0,25.0,0.9958,3.33,0.56,9.5,1
10.5,0.43,0.35,3.3,0.092,24.0,70.0,0.99798,3.21,0.69,10.5,1
7.1,0.69,0.08,2.1,0.063,42.0,52.0,0.99608,3.42,0.6,10.2,1
9.6,0.38,0.42,1.9,0.071,5.0,13.0,0.99659,3.15,0.75,10.5,1
6.7,0.56,0.09,2.9,0.079,7.0,22.0,0.99669,3.46,0.61,10.2,0
10.4,0.34,0.58,3.65,0.1225,6.0,16.0,0.997,3.19,0.7,11.3,1
8.1,0.33,0.44,1.5,0.042,6.0,12.0,0.99542,3.35,0.61,10.7,0
6.2,0.56,0.09,1.7,0.053,24.0,32.0,0.99402,3.54,0.6,11.3,0
6.7,0.64,0.23,2.1,0.08,11.0,119.0,0.99538,3.36,0.7,10.9,0
6.6,0.44,0.09,2.2,0.063,9.0,18.0,0.99444,3.42,0.69,11.3,1
5.6,0.31,0.78,3.65,0.074,23.0,92.0,0.99677,3.39,0.48,10.5,1
7.5,0.685,0.07,2.5,0.058,5.0,9.0,0.99632,3.38,0.55,10.9,0
7.9,0.31,0.32,1.9,0.066,14.0,36.0,0.99364,3.41,0.56,12.6,1
11.5,0.54,0.71,3.65,0.1225,6.0,15.0,0.9984,3.01,0.83,11.8,1
5.9,0.61,0.08,2.1,0.071,16.0,24.0,0.99376,3.56,0.77,11.1,1
8.0,0.42,0.17,2.0,0.073,6.0,18.0,0.9972,3.29,0.61,9.2,1
9.4,0.5,0.34,3.6,0.082,5.0,14.0,0.9987,3.29,0.52,10.7,1
10.0,0.73,0.43,2.3,0.059,15.0,31.0,0.9966,3.15,0.57,11.0,0
7.7,0.69,0.22,1.9,0.084,18.0,94.0,0.9961,3.31,0.48,9.5,0
10.4,0.41,0.55,3.2,0.076,22.0,54.0,0.9996,3.15,0.89,9.9,1
8.8,0.6,0.29,2.2,0.098,5.0,15.0,0.9988,3.36,0.49,9.1,0
7.8,0.55,0.35,2.2,0.074,21.0,66.0,0.9974,3.25,0.56,9.2,0
8.2,0.885,0.2,1.4,0.086,7.0,31.0,0.9946,3.11,0.46,10.0,0
8.6,0.22,0.36,1.9,0.064,42.0,77.0,0.99604,3.47,0.87,11.0,1
8.7,0.7,0.24,2.5,0.1225,5.0,15.0,0.9991,3.32,0.6,9.0,1
8.1,0.78,0.1,3.3,0.09,4.0,13.0,0.99855,3.36,0.49,9.5,0
11.9,0.38,0.49,2.7,0.098,12.0,42.0,1.0004,3.16,0.61,10.3,0
7.9,0.545,0.06,3.65,0.087,27.0,61.0,0.9965,3.36,0.67,10.7,1
12.1,0.45,0.49,1.4,0.075,3.0,6.0,0.9969,3.13,0.63,10.4,0
7.2,0.35,0.26,1.8,0.083,33.0,75.0,0.9968,3.4,0.58,9.5,1
12.1,0.31,0.72,2.2,0.072,6.0,29.0,0.9987,2.925,0.82,9.8,1
8.9,0.32,0.31,2.0,0.088,12.0,19.0,0.9957,3.17,0.55,10.4,1
7.2,1.0,0.0,3.0,0.102,7.0,16.0,0.99586,3.43,0.46,10.0,0
8.3,0.61,0.3,2.1,0.084,11.0,50.0,0.9972,3.4,0.61,10.2,1
9.9,0.53,0.57,2.4,0.093,30.0,52.0,0.9971,3.19,0.76,11.6,1
10.2,0.67,0.39,1.9,0.054,6.0,17.0,0.9976,3.17,0.47,10.0,0
8.3,0.705,0.12,2.6,0.092,12.0,28.0,0.9994,3.51,0.72,10.0,0
6.8,0.83,0.09,1.8,0.074,4.0,25.0,0.99534,3.38,0.45,9.6,0
7.1,0.75,0.01,2.2,0.059,11.0,18.0,0.99242,3.39,0.4,12.8,1
7.0,0.22,0.3,1.8,0.065,16.0,20.0,0.99672,3.61,0.82,10.0,1
6.4,0.42,0.09,2.3,0.054,34.0,64.0,0.99724,3.41,0.68,10.4,1
7.6,0.43,0.4,2.7,0.082,6.0,11.0,0.99538,3.44,0.54,12.2,1
7.8,0.43,0.7,1.9,0.1225,22.0,67.0,0.9974,3.13,0.9955,9.4,0
7.7,0.705,0.1,2.6,0.084,9.0,26.0,0.9976,3.39,0.49,9.7,0
7.5,0.6,0.03,1.8,0.095,25.0,99.0,0.995,3.35,0.54,10.1,0
8.4,0.635,0.36,2.0,0.089,15.0,55.0,0.99745,3.31,0.57,10.4,0
6.4,0.36,0.53,2.2,0.1225,19.0,35.0,0.9934,3.37,0.93,12.4,1
10.7,0.9,0.34,3.65,0.112,23.0,99.0,1.0011,3.22,0.68,9.3,0
8.3,0.34,0.4,2.4,0.065,24.0,48.0,0.99554,3.34,0.86,11.0,1
7.3,0.695,0.0,2.5,0.075,3.0,13.0,0.998,3.49,0.52,9.2,0
6.8,0.915,0.29,3.65,0.07,15.0,39.0,0.99577,3.53,0.54,11.1,0
8.7,0.78,0.51,1.7,0.1225,12.0,66.0,0.99623,3.0,0.9955,9.2,0
7.9,0.2,0.35,1.7,0.054,7.0,15.0,0.99458,3.32,0.8,11.9,1
10.6,0.44,0.68,3.65,0.114,6.0,24.0,0.997,3.06,0.66,13.4,1
7.7,0.49,0.26,1.9,0.062,9.0,31.0,0.9966,3.39,0.64,9.6,0
7.9,0.35,0.21,1.9,0.073,42.0,102.0,0.9964,3.27,0.58,9.5,0
7.3,0.65,0.0,1.2,0.065,15.0,21.0,0.9946,3.39,0.47,10.0,1
7.0,0.62,0.18,1.5,0.062,7.0,50.0,0.9951,3.08,0.6,9.3,0
8.8,0.42,0.21,2.5,0.092,33.0,88.0,0.99823,3.19,0.52,9.2,0
12.1,0.34,0.52,3.2,0.094,17.0,53.0,1.0011,3.05,0.81,9.5,1
9.1,0.76,0.68,1.7,0.1225,18.0,64.0,0.99652,2.925,0.9955,9.1,1
8.0,0.64,0.22,2.4,0.094,5.0,33.0,0.99612,3.37,0.58,11.0,0
8.5,0.4,0.4,3.65,0.05,3.0,10.0,0.99566,3.28,0.56,12.0,0
10.6,0.36,0.57,2.3,0.087,6.0,20.0,0.99676,3.14,0.72,11.1,1
6.7,0.46,0.24,1.7,0.077,18.0,34.0,0.9948,3.39,0.6,10.6,1
7.0,0.42,0.35,1.6,0.088,16.0,39.0,0.9961,3.34,0.55,9.2,0
7.7,0.665,0.0,2.4,0.09,8.0,19.0,0.9974,3.27,0.73,9.3,0
7.7,0.41,0.76,1.8,0.1225,8.0,45.0,0.9968,3.06,0.9955,9.4,0
9.1,0.29,0.33,2.05,0.063,13.0,27.0,0.99516,3.26,0.84,11.7,1
9.3,0.49,0.36,1.7,0.081,3.0,14.0,0.99702,3.27,0.78,10.9,1
7.7,0.965,0.1,2.1,0.112,11.0,22.0,0.9963,3.26,0.5,9.5,0
12.0,0.45,0.55,2.0,0.073,25.0,49.0,0.9997,3.1,0.76,10.3,1
9.1,0.5,0.3,1.9,0.065,8.0,17.0,0.99774,3.32,0.71,10.5,1
7.8,0.7,0.06,1.9,0.079,20.0,35.0,0.99628,3.4,0.69,10.9,0
6.6,0.39,0.49,1.7,0.07,23.0,124.5,0.9924,3.12,0.5,11.5,1
10.5,0.42,0.66,2.95,0.116,12.0,29.0,0.997,3.24,0.75,11.7,1
7.5,0.52,0.16,1.9,0.085,12.0,35.0,0.9968,3.38,0.62,9.5,1
8.6,0.47,0.3,3.0,0.076,30.0,124.5,0.9976,3.3,0.53,9.4,0
8.9,0.29,0.35,1.9,0.067,25.0,57.0,0.997,3.18,0.9955,10.3,1
6.5,0.4,0.1,2.0,0.076,30.0,47.0,0.99554,3.36,0.48,9.4,1
7.2,0.6,0.04,2.5,0.076,18.0,88.0,0.99745,3.53,0.55,9.5,0
10.1,0.43,0.4,2.6,0.092,13.0,52.0,0.99834,3.22,0.64,10.0,1
7.3,0.67,0.26,1.8,0.1225,16.0,51.0,0.9969,3.16,0.9955,9.4,0
8.5,0.46,0.59,1.4,0.1225,16.0,45.0,0.99702,3.03,0.9955,9.2,0
7.5,0.61,0.2,1.7,0.076,36.0,60.0,0.99494,3.1,0.4,9.3,0
11.9,0.57,0.5,2.6,0.082,6.0,32.0,1.0006,3.12,0.78,10.7,1
8.8,0.7,0.0,1.7,0.069,8.0,19.0,0.99701,3.31,0.53,10.0,1
7.4,0.6,0.26,2.1,0.083,17.0,91.0,0.99616,3.29,0.56,9.8,1
8.6,0.55,0.09,3.3,0.068,8.0,17.0,0.99735,3.23,0.44,10.0,0
8.8,0.66,0.26,1.7,0.074,4.0,23.0,0.9971,3.15,0.74,9.2,0
8.5,0.49,0.11,2.3,0.084,9.0,67.0,0.9968,3.17,0.53,9.4,0
9.5,0.57,0.27,2.3,0.082,23.0,124.5,0.99782,3.27,0.55,9.4,0
12.1,0.38,0.55,2.7,0.081,5.0,16.0,1.0006,2.98,0.54,9.4,0
6.5,0.58,0.0,2.2,0.096,3.0,13.0,0.99557,3.62,0.62,11.5,0
7.9,0.18,0.4,2.2,0.049,38.0,67.0,0.996,3.33,0.93,11.3,0
8.9,0.4,0.51,2.6,0.052,13.0,27.0,0.995,3.32,0.9,13.4,1
9.2,0.58,0.2,3.0,0.081,15.0,115.0,0.998,3.23,0.59,9.5,0
10.8,0.4,0.41,2.2,0.084,7.0,17.0,0.9984,3.08,0.67,9.3,1
6.4,0.37,0.25,1.9,0.074,21.0,49.0,0.9974,3.57,0.62,9.8,1
8.2,0.35,0.33,2.4,0.076,11.0,47.0,0.99599,3.27,0.81,11.0,1
7.2,0.645,0.0,1.9,0.097,15.0,39.0,0.99675,3.37,0.58,9.2,1
5.1,0.42,0.0,1.8,0.044,18.0,88.0,0.9924,3.68,0.73,13.4792,1
11.4,0.6,0.49,2.7,0.085,10.0,41.0,0.9994,3.15,0.63,10.5,1
7.5,0.61,0.26,1.9,0.073,24.0,88.0,0.99612,3.3,0.53,9.8,0
7.1,0.69,0.04,2.1,0.068,19.0,27.0,0.99712,3.44,0.67,9.8,0
11.6,0.58,0.66,2.2,0.074,10.0,47.0,1.0008,3.25,0.57,9.0,0
8.3,0.42,0.38,2.5,0.094,24.0,60.0,0.9979,3.31,0.7,10.8,1
7.1,0.63,0.06,2.0,0.083,8.0,29.0,0.99855,3.67,0.73,9.6,0
8.0,0.38,0.44,1.9,0.098,6.0,15.0,0.9956,3.3,0.64,11.4,1
7.3,0.91,0.1,1.8,0.074,20.0,56.0,0.99672,3.35,0.56,9.2,0
6.8,0.775,0.0,3.0,0.102,8.0,23.0,0.9965,3.45,0.56,10.7,0
6.3,0.98,0.01,2.0,0.057,15.0,33.0,0.99488,3.6,0.46,11.2,1
7.7,0.56,0.08,2.5,0.114,14.0,46.0,0.9971,3.24,0.66,9.6,1
7.0,0.62,0.08,1.8,0.076,8.0,24.0,0.9978,3.48,0.53,9.0,0
7.3,0.835,0.03,2.1,0.092,10.0,19.0,0.9966,3.39,0.47,9.6,0
8.6,0.47,0.47,2.4,0.074,7.0,29.0,0.9979,3.08,0.46,9.5,0
8.9,0.84,0.34,1.4,0.05,4.0,10.0,0.99554,3.12,0.48,9.1,1
11.5,0.59,0.59,2.6,0.087,13.0,49.0,0.9988,3.18,0.65,11.0,1
9.8,0.45,0.38,2.5,0.081,34.0,66.0,0.99726,3.15,0.58,9.8,0
7.0,0.62,0.1,1.4,0.071,27.0,63.0,0.996,3.28,0.61,9.2,0
10.2,0.42,0.57,3.4,0.07,4.0,10.0,0.9971,3.04,0.63,9.6,0
7.5,0.755,0.0,1.9,0.084,6.0,12.0,0.99672,3.34,0.49,9.7,0
9.9,0.5,0.24,2.3,0.103,6.0,14.0,0.9978,3.34,0.52,10.0,0
10.3,0.43,0.44,2.4,0.1225,5.0,12.0,0.9994,3.19,0.63,9.5,1
6.7,0.62,0.21,1.9,0.079,8.0,62.0,0.997,3.52,0.58,9.3,1
9.8,0.37,0.39,2.5,0.079,28.0,65.0,0.99729,3.16,0.59,9.8,0
7.4,0.61,0.01,2.0,0.074,13.0,38.0,0.99748,3.48,0.65,9.8,0
10.2,0.44,0.58,3.65,0.092,11.0,24.0,0.99745,3.29,0.99,12.0,1
7.8,0.44,0.28,2.7,0.1,18.0,95.0,0.9966,3.22,0.67,9.4,0
8.1,0.67,0.55,1.8,0.117,32.0,124.5,0.9968,3.17,0.62,9.4,0
8.0,0.58,0.16,2.0,0.12,3.0,7.0,0.99454,3.22,0.58,11.2,1
8.4,0.665,0.61,2.0,0.112,13.0,95.0,0.997,3.16,0.54,9.1,0
6.9,0.41,0.31,2.0,0.079,21.0,51.0,0.99668,3.47,0.55,9.5,1
7.6,0.43,0.29,2.1,0.075,19.0,66.0,0.99718,3.4,0.64,9.5,0
11.6,0.41,0.54,1.5,0.095,22.0,41.0,0.99735,3.02,0.76,9.9,1
7.5,0.63,0.12,3.65,0.111,42.0,110.0,0.9983,3.26,0.77,9.4,0
7.1,0.36,0.3,1.6,0.08,35.0,70.0,0.99693,3.44,0.5,9.4,0
7.3,0.67,0.02,2.2,0.072,31.0,92.0,0.99566,3.32,0.68,11.0666666666667,1
7.8,0.57,0.09,2.3,0.065,34.0,45.0,0.99417,3.46,0.74,12.7,1
9.3,0.41,0.39,2.2,0.064,12.0,31.0,0.9984,3.26,0.65,10.2,0
9.2,0.63,0.21,2.7,0.097,29.0,65.0,0.9988,3.28,0.58,9.6,0
10.0,0.56,0.24,2.2,0.079,19.0,58.0,0.9991,3.18,0.56,10.1,1
11.3,0.37,0.41,2.3,0.088,6.0,16.0,0.9988,3.09,0.8,9.3,0
6.4,0.31,0.09,1.4,0.066,15.0,28.0,0.99459,3.42,0.7,10.0,1
7.8,0.56,0.19,2.0,0.081,17.0,108.0,0.9962,3.32,0.54,9.5,0
7.0,0.58,0.12,1.9,0.091,34.0,124.0,0.9956,3.44,0.48,10.5,0
7.8,0.88,0.0,2.6,0.098,25.0,67.0,0.9968,3.2,0.68,9.8,0
8.3,0.845,0.01,2.2,0.07,5.0,14.0,0.9967,3.32,0.58,11.0,0
7.4,0.53,0.26,2.0,0.101,16.0,72.0,0.9957,3.15,0.57,9.4,0
10.1,0.37,0.34,2.4,0.085,5.0,17.0,0.99683,3.17,0.65,10.6,1
9.9,0.25,0.46,1.7,0.062,26.0,42.0,0.9959,3.18,0.83,10.6,1
6.6,0.855,0.02,2.4,0.062,15.0,23.0,0.99627,3.54,0.6,11.0,1
7.8,0.87,0.26,3.65,0.107,31.0,67.0,0.99668,3.26,0.46,9.2,0
8.6,0.725,0.24,3.65,0.117,31.0,124.5,1.0011,3.32,0.9955,9.3,0
11.8,0.38,0.55,2.1,0.071,5.0,19.0,0.9986,3.11,0.62,10.8,1
7.8,0.43,0.32,2.8,0.08,29.0,58.0,0.9974,3.31,0.64,10.3,0
6.8,0.81,0.05,2.0,0.07,6.0,14.0,0.99562,3.51,0.66,10.8,1
9.0,0.54,0.49,2.9,0.094,41.0,110.0,0.9982,3.08,0.61,9.2,0
7.2,0.36,0.46,2.1,0.074,24.0,44.0,0.99534,3.4,0.85,11.0,1
7.4,0.6,0.26,3.65,0.07,36.0,121.0,0.9982,3.37,0.49,9.4,0
6.8,0.67,0.0,1.9,0.08,22.0,39.0,0.99701,3.4,0.74,9.7,0
6.1,0.32,0.25,1.8,0.086,5.0,32.0,0.99464,3.36,0.44,10.1,0
7.0,0.64,0.02,2.1,0.067,9.0,23.0,0.997,3.47,0.67,9.4,1
12.1,0.59,0.45,2.3,0.082,11.0,22.0,1.0,3.0,0.7,9.3,1
6.3,0.55,0.15,1.8,0.077,26.0,35.0,0.99314,3.32,0.82,11.6,1
10.1,0.27,0.54,2.3,0.065,7.0,26.0,0.99531,3.17,0.53,12.5,1
10.8,0.29,0.42,1.6,0.084,19.0,27.0,0.99545,3.28,0.73,11.9,1
9.9,0.35,0.55,2.1,0.062,5.0,14.0,0.9971,3.26,0.79,10.6,0
7.7,0.69,0.49,1.8,0.115,20.0,112.0,0.9968,3.21,0.71,9.3,0
7.6,0.63,0.03,2.0,0.08,27.0,43.0,0.99578,3.44,0.64,10.9,1
7.8,0.59,0.18,2.3,0.076,17.0,54.0,0.9975,3.43,0.59,10.0,0
6.9,0.685,0.0,2.5,0.105,22.0,37.0,0.9966,3.46,0.57,10.6,1
7.2,0.58,0.03,2.3,0.077,7.0,28.0,0.99568,3.35,0.52,10.0,0
6.3,0.57,0.28,2.1,0.048,13.0,49.0,0.99374,3.41,0.6,12.8,0
6.1,0.64,0.02,2.4,0.069,26.0,46.0,0.99358,3.47,0.45,11.0,0
7.6,0.31,0.34,2.5,0.082,26.0,35.0,0.99356,3.22,0.59,12.5,1
7.9,0.53,0.24,2.0,0.072,15.0,105.0,0.996,3.27,0.54,9.4,1
10.8,0.5,0.46,2.5,0.073,5.0,27.0,1.0001,3.05,0.64,9.5,0
6.4,0.67,0.08,2.1,0.045,19.0,48.0,0.9949,3.49,0.49,11.4,1
5.4,0.74,0.0,1.2,0.041,16.0,46.0,0.99258,3.685,0.59,12.5,1
6.1,0.705,0.1,2.8,0.081,13.0,28.0,0.99631,3.6,0.66,10.2,0
9.7,0.32,0.54,2.5,0.094,28.0,83.0,0.9984,3.28,0.82,9.6,0
7.9,0.19,0.42,1.6,0.057,18.0,30.0,0.994,3.29,0.69,11.2,1
7.6,0.5,0.29,2.3,0.086,5.0,14.0,0.99502,3.32,0.62,11.5,1
8.8,0.64,0.17,2.9,0.084,25.0,124.5,0.99818,3.23,0.54,9.6,0
10.0,0.46,0.44,2.9,0.065,4.0,8.0,0.99674,3.33,0.62,12.2,1
9.6,0.56,0.31,2.8,0.089,15.0,46.0,0.9979,3.11,0.92,10.0,1
9.9,0.72,0.55,1.7,0.1225,24.0,52.0,0.99752,3.35,0.94,10.0,0
9.9,0.5,0.5,3.65,0.1225,42.0,82.0,1.0011,3.16,0.75,8.8,0
7.8,0.53,0.33,2.4,0.08,24.0,124.5,0.99655,3.3,0.6,9.5,0
11.0,0.3,0.58,2.1,0.054,7.0,19.0,0.998,3.31,0.88,10.5,1
11.9,0.37,0.69,2.3,0.078,12.0,24.0,0.9958,3.0,0.65,12.8,1
5.3,0.57,0.01,1.7,0.054,5.0,27.0,0.9934,3.57,0.84,12.5,1
8.2,1.0,0.09,2.3,0.065,7.0,37.0,0.99685,3.32,0.55,9.0,1
6.8,0.785,0.0,2.4,0.104,14.0,30.0,0.9966,3.52,0.55,10.7,1
8.6,0.83,0.0,2.8,0.095,17.0,43.0,0.99822,3.33,0.6,10.4,1
8.9,0.59,0.39,2.3,0.095,5.0,22.0,0.9986,3.37,0.58,10.3,0
7.8,0.76,0.04,2.3,0.092,15.0,54.0,0.997,3.26,0.65,9.8,0
9.9,0.3708066386019681,0.5069996135559326,2.1277421848026243,0.06768714788453796,5.138710924013121,14.0,0.9971970976468092,3.2710968739210493,0.7525480505164573,10.516773445592127,0
8.9357128829109,0.5489278934069355,0.2660717792722747,1.9678564414554505,0.10003562777950557,8.0,20.892854804851503,0.9975121389760535,3.28285742341782,0.7071425765821802,9.696430675633648,0
9.014800581801262,0.4582316160111671,0.34155213963230285,2.1140797672794953,0.09499279185478234,5.429601163602524,15.429601163602523,0.998456319069118,3.325631906911798,0.58021624435653,9.357760698161513,0
8.534308136787397,0.4336483549569598,0.3249643396199446,2.6715406839369806,0.08078102712262465,29.34308136787396,119.0,0.9970437945754751,3.1912410849049864,0.6826248113301939,9.334308136787396,0
7.571703458126088,0.4658310705908044,0.25179258645315217,1.8671703458126085,0.07341895878814349,42.0,124.5,0.9959091966698984,3.244773344384326,0.5235851729063044,9.5,0
6.699412527994976,1.015,0.07953002239598085,2.304112304035167,0.0672819865624115,19.01174944010048,31.99412527994976,0.9964788838031905,3.519588769596483,0.5703524832030143,10.995887695964832,0
6.729664579028678,0.5629664579028678,0.10631551846577285,2.729428670585102,0.07588521920198882,7.14832289514339,22.0,0.9961753195538524,3.448134168388529,0.5922012525827932,10.422484342715084,0
7.73966876850797,0.5138012611047823,0.33190063055239116,2.1698343842539853,0.07430165615746015,20.396687685079705,66.0,0.9973336356453587,3.295248423619022,0.5841324925968119,9.290496847238044,0
7.737629104778432,0.22428297142406392,0.3527648304809985,2.1409560381012485,0.052690247618672,38.29521980949376,66.55717028575936,0.9958951969676297,3.2990019200031555,0.865051641911373,11.049063161930306,0
6.925843092758669,0.6351686185517336,0.017415690724133192,1.951686185517336,0.0786460773189667,18.0,29.61235360861998,0.9971923606597243,3.4051686185517336,0.7228647526033986,9.748313814482664,0
7.4,0.5402797243374984,0.23944055132500336,2.1027972433749835,0.10356993108437458,13.944055132500335,72.0,0.995802797243375,3.0986013783125084,0.600839173012495,9.297202756625017,0
7.227440076868676,0.5237200384343382,0.08477596669024019,2.4601597950168625,0.07515039948754215,14.150399487542156,37.42480025622892,0.9967667523177239,3.4109760307474706,0.5579680409966274,10.31767976939397,0
6.413277864791623,0.4041730432202244,0.22677537569346295,1.594309486517876,0.06607587351309499,5.0,12.0,0.995769650594762,3.336775375693463,0.5584825297381003,9.211381026964247,0
7.703404444311691,0.7050567407385282,0.0,2.2539718516969733,0.07802269629541128,11.0,34.0,0.9976988651852294,3.4746028148303028,0.5448297777844154,9.450567407385282,0
7.542700696913865,1.015,0.09572993030861353,3.1160127613426996,0.08589324825771533,5.053375871142331,11.94662412885767,0.9959665327179641,3.5367974477314603,0.5941286541743436,11.189324825771534,0
6.41122308491023,0.5269664567631642,0.098129485848295,2.042062399374623,0.07061678628928786,6.3458034276780335,19.34580342767803,0.9959841247987493,3.440748205660682,0.5665419657232197,9.469160685535607,0
7.355602664231202,0.7207328892947997,0.044439733576879845,1.5851302250635981,0.08055390675190793,9.407328892947998,19.592671107052002,0.9961334039963469,3.263685645378039,0.8315293753017217,9.525863114358398,0
8.08553678459757,0.7718349864736518,0.24262822892877733,2.0513220707585424,0.08068429427678057,10.657852861609717,63.68429427678057,0.9965679005993746,3.269471171696583,0.48855367845975706,9.731570572321944,0
8.286173825664058,0.561439384133272,0.3757386142998619,2.22859846033318,0.0731420461900046,21.0,66.5719692066636,0.9979147722859972,3.310056766699678,0.5800189222332259,9.28579538099954,0
5.943285885651091,0.8623855257838008,0.04620854058280378,1.548657177130218,0.11993682047066671,7.48657177130218,18.51342822869782,0.9952650866053857,3.529194306278131,0.6551658376687849,9.605371291479129,0
8.874157838289667,0.6858586562931999,0.2216372200610833,2.9560188413438326,0.09932744401221666,29.465488802443332,65.46548880244333,0.9983065818694101,3.2753451119755663,0.5520706718534001,9.506902239511334,0
8.74161650167581,0.5195203159895367,0.3777614746178385,2.298401053298456,0.07065600702198971,5.328003510994853,36.328003510994854,0.9970496112351835,3.238159016921441,0.5062402808795883,9.596802106596913,0
8.457309364905063,0.4742690635094937,0.36415784284145564,3.65,0.09141022325074366,34.42134531754747,123.31461872981012,0.9979264035952643,3.236909423035918,0.9124179181903479,9.457865468245254,0
9.14483856936599,0.45448385693659915,0.2961937167608101,2.489677138731983,0.08493224263025907,20.75807153170042,77.55161430634008,0.9989331605607031,3.276871290458219,0.5706775736974092,9.455161430634009,0
10.950533159036922,0.5591815545504379,0.49,2.142348704541302,0.1225,5.0,15.576512954586983,0.9996540922272478,3.1727046113623905,0.5453025909173966,8.738789636330413,0
8.328865259930712,0.542443888468958,0.3113341672965631,2.368890278827605,0.0806221944234479,23.688902788276053,124.5,0.9969450934588895,3.2906670836482816,0.5844451394138026,9.468890278827605,0
7.856685821586533,0.40501179342653204,0.4030178403771042,2.621775023472054,0.0900875718309495,37.60828544603367,106.0,0.9971566858215866,3.2695385539921884,0.6930178403771042,10.37372845071515,0
6.8999543384047435,0.5509049398549768,0.11817642181146973,1.6272851804350699,0.077,25.0,42.18190120290046,0.9960680805324614,3.354552096232037,0.584542963912986,9.381901202900465,0
9.5022220041723,0.41077198318941077,0.3541169166019742,2.4734503153502843,0.08124327680477415,10.734503153502843,28.0,0.9983876025228022,3.2758830833980257,0.6503976734426563,10.253099369299433,0
7.756697288020136,0.704070355876399,0.08010396612863499,2.6706116947035823,0.08512874745397096,26.572171186633106,60.427828813366894,0.9979899238127993,3.4169052202774055,0.645617745737696,9.8,0
10.875714658741517,0.28650013055953055,0.45946433234268946,3.053927359090073,0.06738217922729779,19.81071335314621,49.18928664685379,0.9973192505875179,3.1243214005943862,0.5475714658741516,9.751429317483032,0
8.939975014158847,0.6769862577873654,0.17335415486762806,1.9200499716823074,0.08866833238941024,4.533416619470512,14.533416619470513,0.9984267332955764,3.327339163362936,0.5133291690264744,9.379950028317692,0
7.824858316408286,0.6335870638695282,0.10392710448964321,1.9,0.07074008214857998,7.751416835917146,31.624291582041426,0.9966499433265633,3.39,0.5775708417958573,9.6,0
7.280734677926947,0.44326997118727973,0.17903673389634733,1.9538658983274588,0.10953865898327458,9.557667627090677,37.0,0.9969184793084948,3.3867428627255687,0.7949935830435759,9.632699711872798,0
7.1,0.8633710572538206,0.04003233478898907,3.65,0.08665157709847177,3.6645110140673953,13.667744492966303,0.9977211640524036,3.403322555070337,0.5366127753516848,10.465804405626958,0
7.613721504476429,0.5291062877578212,0.2819544071622856,1.6411645134292856,0.1225,9.72556991047143,87.72556991047144,0.9966765064597122,3.1264658053717143,0.7711848405995002,9.327443008952857,0
7.519171594394407,0.4823313622422373,0.244639044024059,1.8904142028027966,0.1225,9.808284056055934,44.09585797197203,0.9958054437691692,3.3583668692492292,0.6090177398198641,9.67124260840839,0
7.5686308868005,0.5137261773601001,0.32110916414638324,3.65,0.07328769622668334,16.54246075466333,102.686308868005,0.9974339686037307,3.3454246075466334,0.7405198981062332,10.271230377331666,0
6.915041744019664,0.7265041744019665,0.03938021800245807,2.021239563995084,0.07972562616029497,12.787604360049162,54.424791279901676,0.9966424791279902,3.411239563995084,0.5912395639950838,9.672562616029497,0
7.52888648827259,0.5553335133795557,0.17799891972266588,2.2177783779318525,0.07206670267591113,7.0,28.0,0.9962719956788906,3.2924448645522966,0.5446664866204444,9.753335133795556,0
7.403421741276885,0.6024080439433251,0.2069204328508032,2.227630431205191,0.07813686965107541,14.655260862410382,55.68947827517923,0.996834473913759,3.4289734776169345,0.5451839121133497,10.234473913758961,0
10.379584260489807,0.5604537855989876,0.5992817367571488,2.6153118046326447,0.0771228656730606,10.948960651224517,24.102078697550965,1.0000306236092653,3.1763325916081544,0.701228656730606,9.035727544142837,0
11.771301154886496,0.6062153201081956,0.501829590760908,1.454887722827241,0.07200627491849941,6.0,26.0,0.9979182331584241,3.080062749184994,0.5917668415759139,10.317668415759139,0
6.791298939238018,0.4672041190231172,0.14596288745034233,1.6807422509931533,0.07859628874503423,10.298144372517116,23.0,0.9961035958396353,3.4733525692217477,0.5950927813741442,10.072041190231172,0
8.019972022680111,0.38800279773198876,0.6030097920619608,1.9474685255151263,0.1225,17.45006994329972,68.72503497164986,0.9974429818147421,3.140492306237031,0.9955,9.327496502835015,0
8.893725575171379,0.697647090689267,0.1890588362757068,2.0968627875856893,0.09034509336557418,12.515686062071554,48.51568606207155,0.9968780395130998,3.159372557517138,0.5409411637242931,10.321960486900174,0
7.963627434528436,0.8251139712051836,0.0,3.588602879481635,0.09022696020849527,5.34093141367891,14.0,0.9981854313297739,3.3395441151792653,0.5265906858632109,9.497720575896327,0
7.586303248528169,0.6441090254415495,0.009315162426408426,1.837898917157277,0.07413696751471832,10.689494585786386,34.310505414213615,0.9971634639008621,3.4572140795836854,0.5631050541421362,9.58630324852817,0
7.576366178866846,0.6922108075854629,0.020787794037771805,1.3630235230217442,0.0735755880755436,9.07877940377718,19.92122059622282,0.9965078779403778,3.1873314688309797,0.9955,9.231511761510871,0
8.34335251960231,0.5184778574084523,0.2743352519602311,2.771868906313166,0.07628516386710854,30.570327734217084,124.5,0.997029672265783,3.2914450839867437,0.5071868906313166,9.542581933554272,0
8.742401329177559,0.7025797673939272,0.21060033229438962,3.65,0.11528610301126078,42.0,85.61749584632012,0.9994391834226322,3.3915197341644885,0.5908301827619143,9.66819900311683,0
8.995361858391394,0.47394242036731477,0.30675330087397606,2.704638141608606,0.084,24.02319070804303,124.5,0.9983948980442305,3.3081447433565576,0.608376650436988,9.404638141608606,0
8.761470035736684,0.3207350178683423,0.4941825849905925,1.6860580500313584,0.11287705992852663,11.87705992852663,37.122940071473366,0.9969110646064326,3.2487705992852662,0.5775411985705325,9.672116100062716,0
7.230697450451269,0.5855116241741878,0.12574410765794425,1.8448837582581217,0.08110232483483756,41.65348725225635,57.306974504512695,0.9958158611519494,3.2346512747743654,0.5591396506001776,9.424418791290607,0
7.652345126185596,0.7297833869372072,0.19681107537519518,3.65,0.08511791357425837,30.275569849921933,78.04332261255855,0.9980444038594789,3.2421661306279277,0.5431889246248048,9.263778492496096,0
7.829639395487527,0.5521717978146637,0.25943476809992416,2.1945705054633406,0.07862216362707483,7.513573736341648,29.0,0.9982338229286221,3.3830085044415723,0.5986649088122451,9.551357373634165,0
8.914461410571583,0.6369408735240809,0.369467211189468,1.706850141849697,0.1225,5.015222537443771,61.98477746255623,0.9971057845642286,2.999923887312781,0.9955,9.306850141849697,0
9.087492294588392,1.015,0.4154419923376998,2.0,0.09702225372511716,34.095610898269435,124.5,0.9975389656023808,3.1751473307792333,0.597059548744622,9.416175564069222,0
10.544062478287682,0.4678632940059868,0.4287070288073642,1.9430078097859602,0.1225,6.0,17.430078097859603,0.9977290234293579,3.2259101527217484,0.5732187434863046,10.215039048929802,0
7.3,0.7002621202712415,0.24424826853267978,1.921241342663399,0.10205242405424829,17.78758657336601,102.42482685326797,0.9965173244530948,3.2642482685326795,0.5751310601356208,9.427448055980394,0
5.819925941848833,0.9980814639662834,0.06841333046721002,1.5239851883697666,0.1225,7.239851883697667,18.760148116302332,0.994623614897614,3.51439111302186,0.5663466781311599,9.704059246520934,0
8.486252989858919,0.6394789175117569,0.1365558213207927,2.4448634365569357,0.08258610446698018,15.0,113.41389553301981,0.996889726873114,3.1824168659905943,0.6455136563443065,9.737915670047029,0
7.008351630936716,0.4233406523746867,0.3324615750328948,1.7002195712406012,0.08699780428759399,15.916483690632832,38.83296738126567,0.9961116922833114,3.341670326187343,0.54498902143797,9.32527446405075,0
6.014444700276642,0.5023636782270869,0.0,1.4118183911354345,0.05739394637118115,15.026263091412076,26.0,0.9945239906781153,3.3611818391135433,0.45105052365648307,9.5,0
10.696950301416944,0.45030496985830565,0.38932906631172765,2.301829819149834,0.09497560241133556,19.33536646572204,51.00609939716611,0.9986918918169057,3.113414658628882,0.5900609939716611,10.064633534277963,0
7.400896608684064,0.5029149159474366,0.18470813331556546,1.7345288115787527,0.0773811524631501,16.66367797105312,42.33632202894688,0.9964071728694726,3.406995423184157,0.533811524631501,9.033632202894688,0
7.3942704365404985,0.5394537797081781,0.11312452384859774,1.9343773807570113,0.1225,3.942704365404981,12.057295634595018,0.9970761497219032,3.2731779959568543,0.8405194842376935,9.2,0
10.283434164465048,0.5192641076146325,0.28883401137008313,2.021471784770735,0.09052755468013035,8.595094050764217,32.0,0.9978858871390829,3.032822572183412,0.5297547025382109,9.540490594923579,0
7.987014462792932,0.5118534936150595,0.19332963936611625,2.5,0.10720310856454095,24.0,65.29633734037648,0.9977127857813735,3.2879689143545905,0.6557380728755284,9.470366265962351,0
6.391860791884499,0.620406960405775,0.010813920811550116,1.9,0.06521627841623101,9.0,17.783721583768997,0.9967155363476425,3.4729767049738602,0.6781161941100303,9.502789782723402,0
8.20214676007529,0.6680438959988417,0.5704293520150578,2.0,0.10834732480138996,12.39122080023166,94.54341560017374,0.9968934636400405,3.1782633759930503,0.5521755839953668,9.145658439982626,0
8.987390821225407,0.532434492735244,0.45847705306351655,2.893695410612703,0.094,40.2434492735244,109.49563284901626,0.9982,3.082521835754919,0.5999126569803253,9.2,0
7.889651762489081,0.5225593067115607,0.2572589717745344,2.169510340790623,0.07267693125651573,6.847551703953115,27.69510340790623,0.996643917273675,3.2647551703953113,0.5439020681581246,9.669510340790623,0
9.156489602897105,0.5307141471995748,0.1664934813090136,2.7597392523605437,0.08507141471995747,20.35065186909864,53.0,0.9995759681076182,3.1715586682188777,0.6117532593454932,9.382467406545068,0
8.18936977022767,0.29456341478809234,0.5893697702276698,2.9808655864098057,0.10417008367635727,10.02126045954466,22.0,0.9982379042901015,3.387236140259194,0.6761731172819612,10.576613494500872,0
